DateTime,NavigatedToUrl,PageTitle
2024-06-06T12:33:15.429Z,https://www.toolify.ai/,最佳 AI 工具目录和 AI 工具列表 - Toolify
2024-06-06T12:30:19.242Z,chrome-extension://hoimpamkkoehapgenciaoajfkfkpgfop/onetab.html,OneTab
2024-06-06T12:18:58.181Z,chrome-extension://hoimpamkkoehapgenciaoajfkfkpgfop/import-export.html,OneTab import/export
2024-06-06T12:17:46.643Z,https://www.perplexity.ai/,困惑 --- Perplexity
2024-06-06T12:17:46.096Z,https://www.perplexity.ai/?__cf_chl_tk=omOc5KQcHFB5oIc_nO7foHnDLlecf3gen3CdHCvaVQU-1717676258-0.0.1.1-5225,请稍候…
2024-06-06T12:15:27.765Z,https://www.perplexity.ai/,困惑 --- Perplexity
2024-06-06T12:15:26.666Z,https://www.perplexity.ai/?__cf_chl_rt_tk=2n31uOtQFN1o.s4cffDpFMn_Tu97IY03P.DDDHqGYZU-1717676127-0.0.1.1-5759,Just a moment...
2024-06-06T12:15:26.547Z,https://www.perplexity.ai/,困惑 --- Perplexity
2024-06-06T12:15:25.130Z,chrome-extension://hoimpamkkoehapgenciaoajfkfkpgfop/onetab.html,OneTab
2024-06-06T12:09:13.123Z,https://docs.tangly1024.com/article/notion-short-key,Notion快捷键大全 | NotionNext帮助手册
2024-06-06T12:09:12.753Z,https://docs.tangly1024.com/article/notion-short-key,Notion快捷键大全 | NotionNext帮助手册
2024-06-06T12:09:10.584Z,https://docs.tangly1024.com/article/notion-short-key,Notion快捷键大全 | NotionNext帮助手册
2024-06-06T12:07:57.411Z,http://lucky1945.ysepan.com/login.aspx?d=lucky1945,lucky1945-登陆
2024-06-06T12:07:20.254Z,https://www.51zxw.net/List.aspx?cid=471,工业自动化-我要自学网
2024-06-06T12:04:27.103Z,https://web.telegram.org/a/#1807208411,Saved Messages
2024-06-06T12:04:23.442Z,https://telegra.ph/Electrical-Engineering-and-Automation-06-04,telegra.ph
2024-06-06T12:04:23.259Z,https://telegra.ph/%E8%AE%A9%E7%94%B5%E6%8A%A5%E9%A2%91%E9%81%93%E6%8F%92%E4%B8%8A%E7%BF%85%E8%86%80%E7%9A%84%E7%BC%96%E8%BE%91%E6%96%87%E7%AB%A0%E7%A5%9E%E5%99%A8httpstelegraph-07-15,telegra.ph
2024-06-06T12:04:23.249Z,https://telegra.ph/github-06-06-4,telegra.ph
2024-06-06T12:04:23.072Z,https://web.telegram.org/a/,Telegram
2024-06-06T12:04:22.849Z,https://telegra.ph/%E6%B3%A8%E6%84%8F%E5%8A%9B-06-04,telegra.ph
2024-06-06T12:04:22.816Z,https://web.telegram.org/a/#1807208411,Saved Messages
2024-06-06T12:04:22.413Z,https://www.noisedh.cn/#d862fd1e2fd33a4df0098d04b5789579,Noise导航 & 收录值得珍藏的网站
2024-06-06T12:04:14.316Z,https://telegra.ph/%E8%AE%A9%E7%94%B5%E6%8A%A5%E9%A2%91%E9%81%93%E6%8F%92%E4%B8%8A%E7%BF%85%E8%86%80%E7%9A%84%E7%BC%96%E8%BE%91%E6%96%87%E7%AB%A0%E7%A5%9E%E5%99%A8httpstelegraph-07-15,telegra.ph
2024-06-06T12:03:53.437Z,https://www.flashinfo.top/MPTool,量产工具下载页 - FlashInfo
2024-06-06T12:02:38.195Z,https://www.tingtalk.me/markdown/,Markdown 入门教程及书写风格指南 | 庭说
2024-06-06T12:02:37.458Z,https://www.flashinfo.top/MPTool,量产工具下载页 - FlashInfo
2024-06-06T12:02:37.327Z,https://www.tingtalk.me/telegram/,Telegram（电报）：新手指南、使用教程及频道推荐 | 庭说
2024-06-06T12:02:36.773Z,https://www.tingtalk.me/hexo/,如何优化 Hexo（静态博客） | 庭说
2024-06-06T12:02:35.854Z,http://www.siemens-mro.com/index.php?m=home&c=View&a=index&aid=24,西门子PLC编程软件下载网址_北京众平
2024-06-06T12:02:35.337Z,https://www.flashinfo.top/MPTool,量产工具下载页 - FlashInfo
2024-06-06T12:02:35.044Z,https://www.flashinfo.top/MPTool,量产工具下载页 - FlashInfo
2024-06-06T11:59:25.352Z,https://www.coze.com/store/bot/7333855785924968453?bid=6ckg1nutc8007&from=bots_card&panel=1,科泽 --- Coze
2024-06-06T11:59:22.364Z,https://www.coze.com/store/bot/7332300154416185352?bid=6ckg1fe9k500i&from=bots_card&panel=1,Data Analysis - Coze AI Bot
2024-06-06T11:59:22.135Z,https://www.coze.com/store/bot/7370935774386192390?bid=6ckg1nutc6g07&from=bots_card&panel=1,科泽 --- Coze
2024-06-06T11:59:21.221Z,https://www.coze.com/store/bot/7344644244642185223?bid=6ckg1fe9k6g0i&from=bots_card&panel=1,科泽 --- Coze
2024-06-06T11:59:17.559Z,https://www.coze.com/store/bot/7372190453871116293?bid=6ckg1i88s4g0i&from=bots_card&panel=1,科泽 --- Coze
2024-06-06T11:59:08.686Z,https://www.yrxitong.com/h-col-104.html,软件下载 - 小鱼儿yr系统
2024-06-06T11:59:07.894Z,https://tophub.today/,今日热榜官网
2024-06-06T11:59:07.689Z,https://www.coursera.org/,"Coursera | Degrees, Certificates, & Free Online Courses"
2024-06-06T11:59:07.359Z,https://www.yrxitong.com/h-col-108.html,系统下载 - 小鱼儿yr系统
2024-06-06T11:59:07.211Z,https://www.coze.com/store/bot/7362551711158026246?from=bots_card&panel=1,科泽 --- Coze
2024-06-06T11:59:07.159Z,https://www.coze.com/store/bot/7332300154416185352?from=bots_card&panel=1&bid=6ckg1fe9k500i,Coze
2024-06-06T11:59:07.150Z,https://www.coze.com/store/bot/7372190453871116293?from=bots_card&panel=1&bid=6ckg1i88s4g0i,Coze
2024-06-06T11:59:07.118Z,https://www.coze.com/?cate_type=recommend,Coze
2024-06-06T11:59:06.921Z,https://www.coze.com/store/bot/7368697626948304901?bid=6ckg14fqo6007&panel=1,机器人商店 - Coze --- Bot Store - Coze
2024-06-06T11:59:06.892Z,https://www.coze.com/store/bot/7362799511292608517?bid=6ckftop4s1008&panel=1,xiaohongshu - Coze AI Bot
2024-06-06T11:59:06.869Z,https://www.coze.com/store/bot/7372217023524290565?bid=6ckfrq3ag8g07&panel=1,机器人商店 - Coze --- Bot Store - Coze
2024-06-06T11:59:06.757Z,https://www.coze.com/store/bot/7344644244642185223?from=bots_card&panel=1&bid=6ckg1fe9k6g0i,Coze
2024-06-06T11:59:06.745Z,https://www.coze.com/store/bot/7333855785924968453?from=bots_card&panel=1&bid=6ckg1nutc8007,Coze
2024-06-06T11:59:06.661Z,https://www.toolify.ai/,最佳 AI 工具目录和 AI 工具列表 - Toolify
2024-06-06T11:59:06.636Z,https://www.coze.com/store/bot/7368697626948304901?bid=6ckft9sj47g08&panel=1,科泽 --- Coze
2024-06-06T11:59:06.616Z,https://www.lengcat.com/,冷猫资源网-业内一流商业源码分享编程学习教程下载网站
2024-06-06T11:59:06.540Z,https://www.coze.com/store/bot/7366874710669295621?bid=6ckfu89o03008&panel=1,科泽 --- Coze
2024-06-06T11:59:06.442Z,https://www.plcacademy.com/,免费 PLC 培训：在线学习 PLC 编程 |PLC学院 --- 免费 PLC 培训：在线学习 PLC 编程 |PLC学院
2024-06-06T11:59:06.277Z,https://www.coze.com/store/bot/7370935774386192390?from=bots_card&panel=1&bid=6ckg1nutc6g07,Coze
2024-06-06T11:59:06.090Z,https://www.xiaoyuzhoufm.com/episode/66122b9a4f66d1c1da767ea9,No.8王梦珂&阮航：离职后才明白，原来钱是这么挣的啊 - 快乐公司 | 小宇宙 - 听播客，上小宇宙
2024-06-06T11:59:06.021Z,https://www.123pan.com/s/RZLkjv-25WPH.html,加速1.2.zip官方版下载丨最新版下载丨绿色版下载丨APP下载-123云盘
2024-06-06T11:58:55.607Z,https://web.telegram.org/a/,Telegram
2024-06-06T11:58:53.905Z,https://web.telegram.org/a/#-4099779270,Telegram
2024-06-06T11:58:52.651Z,https://web.telegram.org/a/#-1001055072698,Telegram Stickers | Стикеры
2024-06-06T11:53:40.162Z,https://www.plcdev.com/,PLC开发 |PLC编程工具 --- PLCdev | Tools for PLC programming
2024-06-06T11:53:35.216Z,https://x.com/,X。尽是新鲜事 / X
2024-06-06T11:52:58.379Z,https://m.yrxitong.com/,小鱼儿yr系统 - 专注于系统封装重装系统下载软件分享教程
2024-06-06T11:52:26.841Z,https://www.yrxitong.com/,小鱼儿yr系统 - 专注于系统封装重装系统下载软件分享教程
2024-06-06T11:52:00.168Z,https://www.youtube.com/@axischeung/videos,(2) 阿細 - YouTube
2024-06-06T11:52:00.157Z,https://www.youtube.com/@axischeung,(2) 阿細 - YouTube
2024-06-06T11:51:48.224Z,https://www.youtube.com/@axischeung,(2) 阿細 - YouTube
2024-06-06T11:51:12.913Z,https://www.youtube.com/watch?v=TJdUfBXake4,《續集》阿細完整版 | 從頭開始，多多一次靠你我來重演！ - YouTube
2024-06-06T11:50:51.049Z,https://www.youtube.com/watch?v=TJdUfBXake4,《續集》阿細完整版 | 從頭開始，多多一次靠你我來重演！ - YouTube
2024-06-06T11:50:29.972Z,https://item.lenovo.com.cn/product/1032199.html?ltv_source=L0000000552T0000&pmf_source=Z00044144T000,原装笔记本内存升级32G DDR5 5600 MHz_多少钱_参数_图片_价格_用户评价_联想商城
2024-06-06T11:48:53.906Z,https://3g.lenovomm.com/redsea/game/,联想应用商店
2024-06-06T11:48:52.326Z,https://3g.lenovomm.com/redsea/category/,联想应用商店
2024-06-06T11:48:38.301Z,https://lestore.lenovo.com/cate/soft?cid=1&tid=-1,联想应用商店
2024-06-06T11:47:10.557Z,https://www.aliyundrive.com/s/SFT4UWKkZNo,阿里云盘分享
2024-06-06T11:46:57.884Z,https://ui.toast.com/tui-calendar,日历 |TOAST UI ：： 让你的网络变得美味！
2024-06-06T11:46:54.400Z,https://ui.toast.com/tui-calendar/,日历 |TOAST UI ：： 让你的网络变得美味！ --- Calendar | TOAST UI :: Make Your Web Delicious!
2024-06-06T11:46:35.101Z,https://github.com/nhn/tui.calendar,nhn/tui.calendar：🍞📅一个 JavaScript 日历，拥有您需要的一切。 --- nhn/tui.calendar: 🍞📅A JavaScript calendar that has everything you need.
2024-06-06T11:46:31.062Z,https://mp.weixin.qq.com/s/RHRoasaUbv0GKGFWphhtfQ,Github上一款打造完美日程管理工具：tui.calendar
2024-06-06T11:46:26.164Z,https://github.com/nhn/tui.calendar,nhn/tui.calendar：🍞📅一个 JavaScript 日历，拥有您需要的一切。 --- nhn/tui.calendar: 🍞📅A JavaScript calendar that has everything you need.
2024-06-06T11:46:25.869Z,https://github.com/nhn/tui.calendar,nhn/tui.calendar：🍞📅一个 JavaScript 日历，拥有您需要的一切。 --- nhn/tui.calendar: 🍞📅A JavaScript calendar that has everything you need.
2024-06-06T11:46:24.914Z,https://github.com/nhn/tui.calendar,nhn/tui.calendar：🍞📅一个 JavaScript 日历，拥有您需要的一切。 --- nhn/tui.calendar: 🍞📅A JavaScript calendar that has everything you need.
2024-06-06T11:43:34.731Z,https://app.cnmo.com/android/,【安卓应用|安卓游戏|安卓软件】下载_手机中国
2024-06-06T11:41:06.538Z,https://web.telegram.org/a/#-4099779270,Telegram
2024-06-06T11:40:57.678Z,https://x.com/i/flow/login?redirect_after_login=%2Fhome,登录 X / X
2024-06-06T11:40:53.903Z,https://web.telegram.org/a/,Telegram
2024-06-06T11:40:47.289Z,https://www.automationdirect.com/adc/home/home,AutomationDirect.com |#1 工业自动化的价值 --- AutomationDirect.com | #1 Value in Industrial Automation
2024-06-06T11:40:45.163Z,https://login.partner.microsoftonline.cn/952cc759-038b-4119-8b6c-410e8b3df8e7/oauth2/authorize?client%5Fid=00000003%2D0000%2D0ff1%2Dce00%2D000000000000&response%5Fmode=form%5Fpost&response%5Ftype=code%20id%5Ftoken&resource=00000003%2D0000%2D0ff1%2Dce00%2D000000000000&scope=openid&nonce=0D9DE0F827935DCA5DA21AB5AEBF5C2C855B7D27497C384C%2D80BCC2985BE48171B2F976CBCF76AAD405F43AB111E726B21E07F497868F5373&redirect%5Furi=https%3A%2F%2Fyrxitong6%2Dmy%2Esharepoint%2Ecn%2F%5Fforms%2Fdefault%2Easpx&state=OD0w&claims=%7B%22id%5Ftoken%22%3A%7B%22xms%5Fcc%22%3A%7B%22values%22%3A%5B%22CP1%22%5D%7D%7D%7D&wsucxt=1&cobrandid=11bd8083%2D87e0%2D41b5%2Dbb78%2D0bc43c8a8e8a&client%2Drequest%2Did=6cf82fa1%2De08a%2D0000%2D1d26%2D94e42263712e,登录到您的帐户
2024-06-06T11:40:45.015Z,https://m.yrxitong.com/h-nd-249.html,关于大文件藏经阁公共存储空间文件夹所有编辑权限的获取方法→小鱼儿yr系统
2024-06-06T11:40:44.679Z,https://www.yrxitong.com/h-nd-248.html,关于本站推出的藏经阁说明及使用指南→小鱼儿yr系统
2024-06-06T11:40:44.330Z,https://hikaripe-sc.hikaricalyx.com/,前言 | Hikari PE 使用手册 SC
2024-06-06T11:40:43.918Z,https://www.youtube.com/watch?v=yjRv8wzeYgQ,《破曉》官方MV | 阿細×麥長青 每個人都以自己的光獨特而堅定地守護夢想 - YouTube
2024-06-06T11:40:43.644Z,https://www.plcacademy.com/category/siemens-plc/,Siemens PLC Learn PLC Programming Online (For Free) | PLC Academy
2024-06-06T11:40:43.215Z,https://x.com/home,
2024-06-06T11:40:43.200Z,https://shop.lenovo.com.cn/service/index.html?ltv_source=L0000000552T0000&pmf_source=Z00044144T000,服务优选
2024-06-06T11:40:43.159Z,https://github.com/,GitHub
2024-06-06T11:40:43.041Z,https://shop.lenovo.com.cn/page/newarrival/xpzx.html?ltv_source=L0000000552T0000&pmf_source=Z00044144T000,新品发布 联想商城
2024-06-06T11:40:42.743Z,https://mp.weixin.qq.com/s/RHRoasaUbv0GKGFWphhtfQ,Github上一款打造完美日程管理工具：tui.calendar
2024-06-06T11:40:42.730Z,https://item.lenovo.com.cn/product/1027520.html?ltv_source=L0000000552T0000&pmf_source=Z00044144T000,原装YOGA/小新固态硬盘升级 1T PM9B1_多少钱_参数_图片_价格_用户评价_联想商城
2024-06-06T11:40:42.713Z,https://www.bilibili.com/video/BV1QA4y1R7BE/?spm_id_from=333.337.search-card.all.click&vd_source=bc8261bb960d3f10ca49d793084ab430,无需Root！无需电脑！用手机就能制作PE启动U盘，应急必备！_哔哩哔哩_bilibili
2024-06-06T11:40:42.704Z,https://www.123pan.com/s/72tA-HRB2,小鱼儿yr系统镜像汇总官方版下载丨最新版下载丨绿色版下载丨APP下载-123云盘
2024-06-06T11:40:42.454Z,https://music.163.com/,网易云音乐
2024-06-06T11:40:42.444Z,https://cloud.189.cn/web/share?code=BZFRrufANfiu,天翼云盘 珍藏美好生活 家庭云|网盘|文件备份|资源分享
2024-06-06T11:40:42.391Z,https://h5.m.goofish.com/item?id=715454636592&ut_sk=1.ZHGXqOikqdQDAMugaaPZBnA7_21407387_1716451591991.copy.detail.715454636592.2208556766822&forceFlush=1&ownerId=62e52b8b91937a826602f17950b566eb&un=2c3f4af0ead584ec4be8b8ea9aaaef58&share_crt_v=1&un_site=77&spm=a2159r.13376460.0.0&sp_tk=VXhCeVd2eEhycHU%3D&cpp=1&shareurl=true&short_name=h.gdQoI9I&bxsign=scdNS61Km4YG8LQMl_k3kS8V-WiCAZI5GklzKp7y7Vk1cXiLIexXh6_OGv5kYkHOQdXnZxKTIZiUMvSyWqHIwN7oFCq9-PpLXRYigiv1S4LJeNPxo02EJSWNEuDYMC5upWoPeQ-q72xla6qPC07RDcxqw&tk=UxByWvxHrpu&app=chrome,闲鱼宝贝详情
2024-06-06T11:40:42.382Z,https://lestore.lenovo.com/cate/soft?cid=1&tid=-1,联想应用商店
2024-06-06T11:40:42.368Z,https://h5.m.goofish.com/item?id=790399593347&ut_sk=1.ZHGXqOikqdQDAMugaaPZBnA7_21407387_1716451591991.copy.detail.790399593347.2208556766822&forceFlush=1&ownerId=62e52b8b91937a826602f17950b566eb&un=2c3f4af0ead584ec4be8b8ea9aaaef58&share_crt_v=1&un_site=77&spm=a2159r.13376460.0.0&sp_tk=dWs4Z1d2eHRkZVc%3D&cpp=1&shareurl=true&short_name=h.gW5H39p&bxsign=scd7OUo14h2GBjP1SFp7limuf03S5lWeNohOdTn8YH2rnnZ2NciyTWAXPzN04v2dheW6XnGg3PUxv1Yrv3VjhLhNlQ3YKZFF1zmPGtAQBsqBn13f2w9xYFTErxgsmd3mcPIEQ2s2SCQAe8hXdNIQokVUA&tk=uk8gWvxtdeW&app=chrome,闲鱼宝贝详情
2024-06-06T11:40:42.356Z,https://browser.lenovo.com.cn/,联想浏览器
2024-06-06T11:40:42.318Z,https://3g.lenovomm.com/redsea/category/,联想应用商店
2024-06-06T11:40:42.305Z,https://www.aliyundrive.com/s/SFT4UWKkZNo/folder/62567111666d6ffd76a1483db7871f433a9b6530,阿里云盘分享
2024-06-06T11:40:42.296Z,https://www.ithome.com/0/595/143.htm,Win10/Win11学院：Windows 本地搜索技巧总结 - IT之家
2024-06-06T11:40:42.285Z,https://drive.uc.cn/s/4bd7333fda5e4#/list/share,UC资源.xlsx
2024-06-06T11:40:42.273Z,https://h5.m.goofish.com/item?id=715458912174&ut_sk=1.ZHGXqOikqdQDAMugaaPZBnA7_21407387_1716451591991.copy.detail.715458912174.2208556766822&forceFlush=1&ownerId=62e52b8b91937a826602f17950b566eb&un=2c3f4af0ead584ec4be8b8ea9aaaef58&share_crt_v=1&un_site=77&spm=a2159r.13376460.0.0&sp_tk=U3NGNld2eEhZOGQ%3D&cpp=1&shareurl=true&short_name=h.gWz9Fey&bxsign=scdAB_195ziFe-9RvCrcocwkFjojtWfGDJCl0ORM5_4AnLPuwzC-W12OO_ehnNQp_6jRR5DUdTL2poJ0Pro1Xaa_B934r9nJL0Myp750xrplnTedbB-X_mIssVLO8qPULfPKFx28iAv9S3gTyHapN7-Pw&tk=SsF6WvxHY8d&app=chrome,闲鱼宝贝详情
2024-06-06T11:40:42.259Z,https://www.ithome.com/0/422/730.htm,【IT之家学院】试试这些Word、Excel、PowerPoint快捷键，喜欢吗（一） - IT之家
2024-06-06T11:40:42.250Z,https://www.ithome.com/0/742/553.htm,Excel 数据整理工具 ——PowerQuery - IT之家
2024-06-06T11:40:42.219Z,https://web.telegram.org/a/#-4099779270,Telegram
2024-06-06T11:40:42.195Z,https://www.cnmo.com/,CNMO-专业.有趣的科技新媒体
2024-06-06T11:40:41.928Z,https://www.win7china.com/html/23786.html,Win10预览版10162微软官方ISO镜像下载大全 - Windows7之家，Win7之家
2024-06-06T11:38:49.778Z,https://www.fyb-aff.com/auth/login,登录 — FlyingBird --- 登录 — FlyingBird
2024-06-06T11:38:44.262Z,https://ark.intel.com/content/www/cn/zh/ark.html,英特尔® 产品规范
2024-06-06T11:38:42.430Z,https://ark.intel.com/content/www/cn/zh/ark.html#@Processors,英特尔® 产品规范
2024-06-06T11:37:16.654Z,https://www.geekbench.com/,Geekbench 6 - 跨平台基准测试 --- Geekbench 6 - Cross-Platform Benchmark
2024-06-06T11:35:44.929Z,https://tutulifestyle.notion.site/TuTu-c3d8e8288d644e1ea44688a172669f8d,TuTu生活志
2024-06-06T11:34:27.335Z,https://mall.industry.siemens.com/mall/zh/hk/Catalog/Products/10026583?tree=CatalogTree,中国生产的产品 - 全球电子商务 - Siemens Hongkong
2024-06-06T11:34:22.330Z,https://mall.industry.siemens.com/goos/WelcomePage.aspx?regionUrl=%2Fuk&language=en,欢迎光临 - 工业商城 - Siemens China --- Welcome - Industry Mall - Siemens Great Britain
2024-06-06T11:33:59.788Z,https://mall.industry.siemens.com/goos/WelcomePage.aspx?regionUrl=%2Fuk&language=en,欢迎光临 - 工业商城 - Siemens China --- Welcome - Industry Mall - Siemens Great Britain
2024-06-06T11:33:53.513Z,https://mall.industry.siemens.com/mall/zh/hk/Catalog/Products/10026583?tree=CatalogTree,中国生产的产品 - 全球电子商务 - Siemens Hongkong
2024-06-06T11:32:44.730Z,https://wwp.lanzout.com/iqrRF1tjbi7g,DragonKMS v24.04.02.exe - 蓝奏云
2024-06-06T11:30:18.243Z,https://bbs.iobroker.cn/,"ioBroker中国 - By smarthomefans ,HomeKit, 智能家居论坛, 自动化, Node-Red, 学习强国, Homebridge ,Siri , Amazon Echo , Rokid , 天猫精灵 , 小米AI , 小爱同学 , 若琪 , 斐讯 , zigbee2mqtt"
2024-06-06T11:30:16.159Z,https://www.fyb-aff.com/auth/login,登录 — FlyingBird --- 登录 — FlyingBird
2024-06-06T11:30:15.061Z,https://screen.bmcx.com/#welcome,在线屏幕检测 - 显示器检测 - 显示器坏点检测工具
2024-06-06T11:30:14.601Z,https://detail.tmall.com/item.htm?ali_trackid=2:mm_429510118_526500330_110777550226:1716286528_035_583039962&bxsign=tbkuC0L2AFM1yhSLch4TXfacw_XrSwadEoutBSQLxIuhYpIGSWzmTB5nIW1kdnVtQiYquJANfLW9HcTeNdD0LIikLtYdSC0alk93h4Dx1bjHfdGB6E2UrFGmUuM8wrbyeewDYt7oqI0tHip746Jl_qM-gj3ara30NoS6rG6GOP38ApLw5eWB_tHfg0bv8vttmWV&id=645622536208&union_lens=lensId:PUB@1680952458@213fc5dc_0cac_1876092fe36_0fb4@01@eyJmbG9vcklkIjo2NzY0MSwiic3BtQiiI6Il9wb3J0YWxfdjJfcGFnZXNfcHJvbW9fZ29vZHNfaW5kZXhfaHRtIn0ie;recoveryid:035_28652149@1716286528067&skuId=4832849120232,QNAP威联通QSW...-tmall.com天猫
2024-06-06T11:30:14.578Z,https://openwrt.ai/?target=x86%2F64&id=generic,OpenWrt软路由固件下载与在线定制编译
2024-06-06T11:30:14.142Z,https://www.siemens.com/global/en/products/automation/systems/industrial/plc/simatic-s7-1500.html,SIMATIC S7-1500 - Siemens 中国 --- SIMATIC S7-1500 - Siemens Global
2024-06-06T11:30:14.033Z,https://www.ebay.co.uk/str/igselectronics,IGSElectronics （英语） |eBay商店 --- IGSElectronics | eBay Stores
2024-06-06T11:30:14.015Z,https://www.lapin365.com/,辣品 - 赚尽便宜 - 海量优惠券 - 辣品导购平台，告诉你什么值得买!
2024-06-06T11:30:13.544Z,https://www.meiguodizhi.com/,美国地址生成器 - 美国身份生成器 - 美国信用卡生成器
2024-06-06T11:30:13.519Z,https://mall.industry.siemens.com/mall/zh/hk/Catalog/Products/10026583?tree=CatalogTree,中国生产的产品 - 全球电子商务 - Siemens Hongkong
2024-06-06T11:30:13.436Z,https://mall.industry.siemens.com/goos/WelcomePage.aspx?regionUrl=%2Fuk&language=en,欢迎光临 - 工业商城 - Siemens China --- Welcome - Industry Mall - Siemens Great Britain
2024-06-06T11:30:13.345Z,https://browser.geekbench.com/,Home - Geekbench
2024-06-06T11:30:13.303Z,https://www.youtube.com/feed/channels,
2024-06-06T11:30:13.142Z,https://ark.intel.com/content/www/cn/zh/ark.html,英特尔® 产品规范
2024-06-06T11:30:12.930Z,https://www.ithome.com/,IT之家
2024-06-06T11:30:12.900Z,https://tutulifestyle.notion.site/TuTu-c3d8e8288d644e1ea44688a172669f8d,TuTu生活志
2024-06-06T11:30:12.854Z,https://www.synology.cn/zh-cn,群晖科技 Synology Inc.
2024-06-06T11:30:12.635Z,https://www.wepe.com.cn/download.html,微PE工具箱 - 下载
2024-06-06T11:30:12.627Z,https://www.win7china.com/,Win7之家(软媒) - Win7旗舰版下载 - Win7主题 - Win7系统下载 - Win7系统之家 - Win10系统下载 - Win7升级Win10教程 - Windows7之家 - Win7激活 - 软媒Win7优化大师、Win7系统之家官方网站
2024-06-06T11:30:12.605Z,https://win10.ithome.com/,"Win10之家 - 软媒Windows10之家, Win10下载, Win10激活, Windows 10正式版下载, Win10官方原版ISO镜像下载"
2024-06-06T11:30:12.571Z,https://shop58173092.taobao.com/,首页-楼阁包铺 接近4点95的集市高评分店铺⑦天无条件退换货-淘宝网
2024-06-06T11:30:12.557Z,https://shop1819313964.v.weidian.com/?userid=1819313964&wfr=c&source=home_shop&ifr=itemdetail&sfr=app,悟空的日常杂货铺
2024-06-06T11:30:12.543Z,https://jugar.taobao.com/,首页-JUGAR 极架-淘宝网
2024-06-06T11:30:12.469Z,https://uland.taobao.com/coupon/edetail?e=N9435yhf0JqlhHvvyUNXZfh8CuWt5YH5OVuOuRD5gLJMmdsrkidbOWBzzpT26idJhAko4R8rF5oBAlunKHSjBL9jdFKowp%2F%2B7s4a%2FoNYOydbyBZYIhyRE4%2BZzP%2BvC7t7y5FOJP2gSFUvR%2F1BNLrRCcLRW2d0xlmJvVuBbr3dgQVdG6%2FvGnPUvtARQKkTg7tdmfZB6LWjAcxJrvq79o48dkxP0lMfOoukHVelfzlZN1CSRoa2aMFCFYgR%2Fs08w8p4lNnKuEs19FmJfhZCI4jx%2F61%2F802HeOwUT92F2HUYE59ASGQdMmC2RWOsJDOE0cZGwdTDcYflJn5lBRYM90QVRw%3D%3D&traceId=212ceb0c16809525662987167e02d7&union_lens=lensId%3APUB%401680952566%40212a9072_0cab_1876094a28a_39ac%4001%40eyJmbG9vcklkIjo2NzY0MSwiic3BtQiiI6Il9wb3J0YWxfdjJfcGFnZXNfcHJvbW9fZ29vZHNfaW5kZXhfaHRtIn0ie,粉丝福利购
2024-06-06T11:30:12.426Z,https://mp.weixin.qq.com/s/frC9vT6n63JE3wkxig8BBA,系统盘制作以及WIN10系统安装教程
2024-06-06T11:30:12.329Z,https://mp.weixin.qq.com/s/uUmU0w3la3QTBL9fPPxqyw,"免费的Windows激活工具来了,支持win10、win11"
2024-06-06T11:30:12.255Z,https://mp.weixin.qq.com/s/QFCqxcu1bL0gYDL2OEvJMg,当做喜欢的工作时：
2024-06-06T11:27:57.115Z,https://b2b.baidu.com/aitf/s?q=%E6%AD%A3%E8%A7%84%E4%BB%A3%E7%BC%B4%E7%A4%BE%E4%BF%9D%E5%85%AC%E5%8F%B8&fid=285689540&styl=b&sid=90404_804011_70006&a_keywordid=62448208851&creativeid=12236948692&groupid=133720183&planid=1841417400&device=pc&price=81&qhclickid=c4c3ab82b51ba6bf,正规代缴社保公司-批发价格-优质货源-百度爱采购
2024-06-06T11:27:54.133Z,https://b2b.baidu.com/?fid=285689540%2C1717672668939&pi=b2b.s....2019509247219677,百度爱采购 - 国内优质的批发采购平台、货源批发网、进货渠道
2024-06-06T11:26:42.986Z,https://wwb.lanzouj.com/ixddd1y6dv9a,暗黑起源第七季[九职业].zip - 蓝奏云
2024-06-06T11:26:31.124Z,http://103.8.220.136:63257/,《暗黑起源第七季-三职业九流派》
2024-06-06T11:25:54.697Z,https://pan.baidu.com/s/11gGLnzQvMQ07IgGfbEpI-Q#list/path=%2F,新镜像GHO20V17_免费高速下载|百度网盘-分享无限制
2024-06-06T11:25:42.703Z,https://pan.baidu.com/share/init?surl=JROVnQ84DsWP0GdYWO2swA&pwd=8888#list/path=%2F,百度网盘 请输入提取码
2024-06-06T11:24:43.121Z,https://www.coze.com/store/bot/7372217023524290565?bid=6ckfrq3ag8g07&panel=1,机器人商店 - Coze --- Bot Store - Coze
2024-06-06T11:24:16.275Z,https://www.plcacademy.com/thankyou/,订阅的最后一步 |PLC学院
2024-06-06T11:23:37.343Z,https://x.com/,X。尽是新鲜事 / X
2024-06-06T11:22:50.805Z,https://telegra.ph/Electrical-Engineering-and-Automation-06-04,telegra.ph
2024-06-06T11:22:48.651Z,https://telegra.ph/list-06-04-4,全新世→ – Telegraph
2024-06-06T11:21:32.142Z,https://pan.baidu.com/s/1td04ZhHUi4UwPbYwY2294Q?pwd=2dzn#list/path=%2Fsharelink1268175054-358138292082493%2F%E5%B0%8F%E9%B1%BC%E5%84%BFyr%E7%B3%BB%E7%BB%9F%E9%95%9C%E5%83%8F%E6%B1%87%E6%80%BB&parentPath=%2Fsharelink1268175054-358138292082493,小鱼儿yr系统镜像汇总_免费高速下载|百度网盘-分享无限制
2024-06-06T11:21:30.319Z,https://pan.baidu.com/s/1td04ZhHUi4UwPbYwY2294Q?pwd=2dzn#list/path=%2F,小鱼儿yr系统镜像汇总_免费高速下载|百度网盘-分享无限制
2024-06-06T11:20:07.134Z,https://www.wbvip.cc/,"网吧VIP - 网吧特权之家 - 网吧一站式服务,网吧维护,网吧UU,腾游,腾讯,雷神,迅游加速器,网吧影视特权VIP,网吧蚂蚁特权STEAM免费玩,各类无盘软件开号续费,QQ网吧网关特权,共享各类技术文章教程,网吧行业业主维护交流"
2024-06-06T11:18:00.067Z,https://x.com/i/flow/login?redirect_after_login=%2Fplc_academy,登录 X / X
2024-06-06T11:17:59.014Z,https://www.coze.com/sign?redirect=%2Fhome,科泽 --- Coze
2024-06-06T11:17:37.118Z,https://pan.baidu.com/share/init?surl=1gGLnzQvMQ07IgGfbEpI-Q#list/path=%2F&parentPath=%2Fsharelink3789223634-56054717398934,百度网盘 请输入提取码
2024-06-06T11:17:36.840Z,http://123.hhso.com/,123很好搜 - 网站搜索好帮手
2024-06-06T11:17:36.640Z,https://pan.baidu.com/share/init?surl=td04ZhHUi4UwPbYwY2294Q&pwd=2dzn#list/path=%2F&parentPath=%2Fsharelink1268175054-358138292082493,百度网盘 请输入提取码
2024-06-06T11:17:36.426Z,https://pan.baidu.com/share/init?surl=JROVnQ84DsWP0GdYWO2swA&pwd=8888#list/path=%2F,百度网盘 请输入提取码
2024-06-06T11:17:36.270Z,https://99j.com/,99J.Com-国内最大的多站同步传奇游戏发布平台！
2024-06-06T11:17:36.189Z,https://docs.factoryio.com/manual/,Manual - FACTORY I/O
2024-06-06T11:17:36.010Z,https://jinsf.com/,jinsf.com-传奇新开游戏发布站_新开传奇网站_找传奇好服就来金搜服
2024-06-06T11:17:35.772Z,https://www.plcacademy.com/thankyou/,订阅的最后一步 |PLC学院
2024-06-06T11:17:35.670Z,https://b2b.baidu.com/aitf/s?q=%E6%AD%A3%E8%A7%84%E4%BB%A3%E7%BC%B4%E7%A4%BE%E4%BF%9D%E5%85%AC%E5%8F%B8&fid=285689540&styl=b&sid=90404_804011_70006&a_keywordid=62448208851&creativeid=12236948692&groupid=133720183&planid=1841417400&device=pc&price=81&qhclickid=c4c3ab82b51ba6bf,正规代缴社保公司-批发价格-优质货源-百度爱采购
2024-06-06T11:17:35.657Z,http://yrxitong.ysepan.com/,★封装系统★重装系统★系统维护★精品※网站※网址▲藏经阁▲
2024-06-06T11:17:35.579Z,https://www.yrxitong.com/h-col-131.html,系统母盘_系统下载 - 小鱼儿yr系统
2024-06-06T11:17:35.378Z,https://mp.weixin.qq.com/s/0spqDIQ23_zbV3E1KgWnPg,CAN通信技术连载（3）--电缆、电平及拓扑
2024-06-06T11:17:35.304Z,https://mp.weixin.qq.com/s?__biz=MzkyOTM4MzAwMg==&mid=2247483813&idx=1&sn=93d4793cf65739591ca7799710a29fdb&chksm=c20b1690f57c9f86befa7d8c6f130ac504d47a2d8020356a37874ed8aa794ea0ab437ca1e6a6&ascene=0&devicetype=android-30&version=2800313f&nettype=cbnet&lang=zh_CN&countrycode=CN&wx_header=&start=103&end=179&underline_after_modify=0&item_show_type=0&share_id=1716480320497&contentMd5=cdc9d04258d0838fa4cfc6e59033395d#wechat_redirect,小鱼儿yr藏经阁
2024-06-06T11:17:35.245Z,https://mp.weixin.qq.com/s/uG5GqhRK0aES_H14uGhCsQ,西门子新改版的网站，让人爱恨交加！
2024-06-06T11:17:35.232Z,https://www.pc528.net/22621g.html,【不忘初心游戏版】Windows11 22H2 (22621.3527) X64_无更新[精简版][2.67G](2024.4.27)-不忘初心系统博客
2024-06-06T11:17:35.221Z,https://www.pc528.net/,不忘初心系统博客-精简版系统官网
2024-06-06T11:17:35.074Z,https://mp.weixin.qq.com/s/bqSSKXtGBiyuEcuErIFDXw,开源免费，Caesium，最好用的图片批量压缩格式转换工具
2024-06-06T11:17:35.056Z,https://www.mefcl.com/,mefcl'blog - 分享纯净好资源
2024-06-06T11:17:35.046Z,https://www.wbvip.cc/,"网吧VIP - 网吧特权之家 - 网吧一站式服务,网吧维护,网吧UU,腾游,腾讯,雷神,迅游加速器,网吧影视特权VIP,网吧蚂蚁特权STEAM免费玩,各类无盘软件开号续费,QQ网吧网关特权,共享各类技术文章教程,网吧行业业主维护交流"
2024-06-06T11:17:34.989Z,https://x.com/plc_academy,
2024-06-06T11:17:34.891Z,https://cup.lanzoum.com/iQuEg17e6ckb?p,小杯子导航页.mobileconfig - 蓝奏云
2024-06-06T11:17:34.850Z,https://mp.weixin.qq.com/s/liD8cigTSBRqJ4qVfKo1Dg,微信昵称小尾巴！
2024-06-06T11:17:34.808Z,https://www.coze.com/home,Coze
2024-06-06T11:17:34.752Z,https://www.coze.com/store/bot/7368697626948304901?bid=6cgpl9tv46005&panel=1,科泽 --- Coze
2024-06-06T11:17:34.717Z,https://www.youtube.com/,YouTube
2024-06-06T11:17:34.702Z,https://www.coze.com/store/bot/7372217023524290565?bid=6ckfrq3ag8g07&panel=1,机器人商店 - Coze --- Bot Store - Coze
2024-06-06T11:17:34.605Z,https://www.123pan.com/s/V36rVv-mWkXv,www.pxesys.com官方版下载丨最新版下载丨绿色版下载丨APP下载-123云盘
2024-06-06T11:17:34.558Z,https://www.bing.com/search?q=12339&cvid=119e30b0d9ae4a9fab5b105679aa338c&gs_lcrp=EgZjaHJvbWUyBggAEEUYOTIGCAEQABhAMgYIAhAAGEAyBggDEAAYQDIGCAQQABhAMgYIBRAAGEAyBggGEAAYQDIGCAcQABhAMgYICBAAGEDSAQgyNDQwajBqMagCALACAA&FORM=ANAB01&PC=CNNDDB&mkt=zh-CN,12339 - 搜索
2024-06-06T11:17:34.511Z,https://www.nrta.gov.cn/col/col228/index.html,国家广播电视总局 投诉受理
2024-06-06T11:17:34.455Z,https://weibo.com/p/1005055936263614/home?from=page_100505,@雪之韵科技 的个人主页 - 微博
2024-06-06T11:16:04.639Z,https://www.xitonggho.com/,【系统Gho】win11纯净系统_win10纯净系统下载_win7纯净系统_个人软件测试 -系统重装
2024-06-06T11:14:31.881Z,https://www.imsdn.cn/,"MSDN原版系统,纯净镜像,MSDN ISO下载 - 我的MSDN"
2024-06-06T11:13:04.330Z,https://windsys.win/get/owari,获取镜像 | Windsys Project (Windsys.win) | 也许是最适合年轻人使用的第三方社区系统~
2024-06-06T11:13:03.621Z,https://windsys.win/get/owari/,获取镜像 | Windsys Project (Windsys.win) | 也许是最适合年轻人使用的第三方社区系统~
2024-06-06T11:13:02.739Z,https://winworldpc.com/library/operating-systems,WinWorld：库 --- WinWorld: Library
2024-06-06T11:13:01.187Z,https://hellowindows.cn/#,HelloWindows.cn - 精校 完整 极致 Windows系统下载仓储站
2024-06-06T11:13:01.138Z,https://www.xitonggho.com/,【系统Gho】win11纯净系统_win10纯净系统下载_win7纯净系统_个人软件测试 -系统重装
2024-06-06T11:13:01.098Z,https://www.sysmini.com/,极简系统-最纯净的系统下载平台
2024-06-06T11:13:00.267Z,https://www.imsdn.cn/windows-10/,Windows 10 ISO 原版镜像下载 - 我的MSDN
2024-06-06T11:12:29.839Z,https://tool.cupmf.com/morning/,早报生成器
2024-06-06T11:12:25.898Z,https://webox.vip/index.php/archives/22.html,早报生成器 - 微蓝盒子WeBox--开心每一天
2024-06-06T11:12:13.640Z,https://webox.vip/index.php/category/%E7%94%B5%E8%84%91%E8%BD%AF%E4%BB%B6/,分类 电脑软件 下的文章 - 微蓝盒子WeBox--开心每一天
2024-06-06T11:12:12.698Z,https://webox.vip/index.php/category/%E8%BD%AF%E4%BB%B6%E6%95%99%E7%A8%8B/,分类 软件教程 下的文章 - 微蓝盒子WeBox--开心每一天
2024-06-06T11:11:44.787Z,https://www.catalog.update.microsoft.com/home.aspx,Microsoft 更新目录
2024-06-06T11:10:13.569Z,https://www.youtube.com/watch?v=4gAqu-ShZQE,(2) 硬盘克隆、系统迁移教程！完全免费，速度超快！电脑升级SSD必备 | 零度解说 - YouTube
2024-06-06T11:10:10.706Z,https://www.youtube.com/watch?v=4gAqu-ShZQE&embeds_referring_euri=https%3A%2F%2Fwww.freedidi.com%2F&feature=emb_imp_woyt,硬盘克隆、系统迁移教程！完全免费，速度超快！电脑升级SSD必备 | 零度解说 - YouTube
2024-06-06T11:09:45.962Z,https://www.ventoy.net/cn/index.html,Ventoy
2024-06-06T11:07:18.088Z,https://play.xumo.com/geo-block,徐墨剧
2024-06-06T11:07:16.775Z,https://play.xumo.com/geo-block,徐墨剧
2024-06-06T11:06:49.379Z,https://www.uupdump.cn/selectlang.php?id=ae432f26-95ba-44f5-8fa9-cea97d7323a2,选择 Update for Windows 11 Version 23H2 - KB4023057 (22621.2495) amd64 的语言 - UUP dump中文站
2024-06-06T11:06:28.836Z,https://www.uupdump.cn/fetchupd.php?arch=amd64&ring=retail&build=22631.1,来自服务器的响应 - UUP dump中文站
2024-06-06T11:04:14.643Z,https://www.catalog.update.microsoft.com/Search.aspx?q=KB5033375,Microsoft 更新目录
2024-06-06T11:04:10.224Z,https://www.catalog.update.microsoft.com/home.aspx,Microsoft 更新目录
2024-06-06T11:04:01.161Z,https://www.catalog.update.microsoft.com/Search.aspx?q=KB5033375,Microsoft 更新目录
2024-06-06T11:03:28.285Z,https://x.com/MapleShadow,枫影 Justin Yan (@MapleShadow) / X
2024-06-06T11:03:27.631Z,https://x.com/MapleShadow,枫影 Justin Yan (@MapleShadow) / X
2024-06-06T11:03:26.937Z,https://x.com/MapleShadow,枫影 Justin Yan (@MapleShadow) / X
2024-06-06T11:03:20.403Z,https://replay.cafe/,Re：Play 咖啡厅 --- Re:Play Cafe
2024-06-06T11:01:54.402Z,https://consumer-tkb.huawei.com/weknow/servlet/show/webKnowContextServlet?knowId=zh-cn00731204,consumer-tkb.huawei.com/weknow/servlet/show/webKnowContextServlet?knowId=zh-cn00731204
2024-06-06T11:01:51.879Z,https://consumer-tkb.huawei.com/,403 禁止
2024-06-06T11:01:39.126Z,https://consumer-tkb.huawei.com/weknow/servlet/show/webKnowContextServlet?knowId=zh-cn00731204,consumer-tkb.huawei.com/weknow/servlet/show/webKnowContextServlet?knowId=zh-cn00731204
2024-06-06T11:01:22.839Z,https://www.itsk.com/,"IT天空 - 新的十年, 新的天空 (已创建17年零11个月"
2024-06-06T11:01:18.104Z,https://www.itsk.com/,"IT天空 - 新的十年, 新的天空 (已创建17年零11个月"
2024-06-06T11:01:18.093Z,https://www.itsk.com/,"IT天空 - 新的十年, 新的天空 (已创建17年零11个月"
2024-06-06T11:01:17.922Z,https://www.itsk.com/,"IT天空 - 新的十年, 新的天空 (已创建17年零11个月"
2024-06-06T11:01:17.445Z,https://www.itsk.com/,"IT天空 - 新的十年, 新的天空 (已创建17年零11个月"
2024-06-06T11:01:05.486Z,https://pan.baidu.com/s/1YO4gFTclSP8_2k0uDZl8sA#list/path=%2Fsharelink2451741224-1026270707732086%2FEasyImageX2_2.19.827.1718&parentPath=%2Fsharelink2451741224-1026270707732086,EasyImageX2_2.19.827.1718_免费高速下载|百度网盘-分享无限制
2024-06-06T11:01:02.529Z,https://pan.baidu.com/s/1YO4gFTclSP8_2k0uDZl8sA#list/path=%2F&parentPath=%2Fsharelink2451741224-1026270707732086,EasyImageX2_2.19.827.1718_免费高速下载|百度网盘-分享无限制
2024-06-06T11:00:58.783Z,https://pan.baidu.com/s/1YO4gFTclSP8_2k0uDZl8sA#list/path=%2Fsharelink2451741224-1026270707732086%2FEasyImageX2_2.19.827.1718&parentPath=%2Fsharelink2451741224-1026270707732086,EasyImageX2_2.19.827.1718_免费高速下载|百度网盘-分享无限制
2024-06-06T11:00:36.530Z,https://pan.baidu.com/s/1YO4gFTclSP8_2k0uDZl8sA#list/path=%2F,EasyImageX2_2.19.827.1718_免费高速下载|百度网盘-分享无限制
2024-06-06T11:00:30.621Z,https://pan.baidu.com/share/init?surl=YO4gFTclSP8_2k0uDZl8sA,百度网盘 请输入提取码
2024-06-06T11:00:28.350Z,https://www.itsk.com/link?target=https://pan.baidu.com/s/1YO4gFTclSP8_2k0uDZl8sA,跳转提示 - IT天空
2024-06-06T11:00:26.969Z,https://www.itsk.com/thread/401179,Easy Image X v2.19.827.1718 （2019.09.23 发布） - IT天空
2024-06-06T11:00:26.598Z,https://www.itsk.com/link?target=https://pan.baidu.com/s/1YO4gFTclSP8_2k0uDZl8sA,跳转提示 - IT天空
2024-06-06T11:00:26.592Z,https://www.itsk.com/link?target=https://pan.baidu.com/s/1YO4gFTclSP8_2k0uDZl8sA,跳转提示 - IT天空
2024-06-06T11:00:26.352Z,https://www.itsk.com/link?target=https://pan.baidu.com/s/1YO4gFTclSP8_2k0uDZl8sA,跳转提示 - IT天空
2024-06-06T11:00:26.179Z,https://www.itsk.com/link?target=https://pan.baidu.com/s/1YO4gFTclSP8_2k0uDZl8sA,跳转提示 - IT天空
2024-06-06T11:00:13.534Z,https://www.itsk.com/thread/401179,Easy Image X v2.19.827.1718 （2019.09.23 发布） - IT天空
2024-06-06T11:00:13.524Z,https://www.itsk.com/thread/401179,Easy Image X v2.19.827.1718 （2019.09.23 发布） - IT天空
2024-06-06T11:00:12.561Z,https://www.itsk.com/thread/401179,Easy Image X v2.19.827.1718 （2019.09.23 发布） - IT天空
2024-06-06T11:00:12.293Z,https://www.itsk.com/thread/401179,Easy Image X v2.19.827.1718 （2019.09.23 发布） - IT天空
2024-06-06T10:59:16.912Z,https://en.lo4d.com/windows/install-uninstall,Free Software Install Manager - 下载 Windows 版 --- Free Software Install Managers - Download for Windows
2024-06-06T10:58:54.641Z,https://en.lo4d.com/windows/install-uninstall,Free Software Install Manager - 下载 Windows 版 --- Free Software Install Managers - Download for Windows
2024-06-06T10:58:07.749Z,https://www.lo4d.com/,LO4D.com - 免费软件下载 --- LO4D.com - Free Software Downloads
2024-06-06T10:58:05.832Z,https://en.lo4d.com/windows/freeware/install-uninstall,免费软件安装管理器 --- Freeware Software Install Managers
2024-06-06T10:56:29.735Z,https://tails.net/install/windows/index.en.html,Tails - 从 Windows 安装 Tails --- Tails - Install Tails from Windows
2024-06-06T10:56:29.578Z,https://tails.net/install/index.en.html,Tails - Install Tails
2024-06-06T10:56:29.140Z,https://newsletter.replay.cafe/,Re:Play Newsletter
2024-06-06T10:56:28.938Z,https://www.yrxitong.com/,小鱼儿yr系统 - 专注于系统封装重装系统下载软件分享教程
2024-06-06T10:56:28.797Z,https://www.microsoft.com/zh-hk/software-download/windows11,Download Windows 11
2024-06-06T10:56:28.690Z,https://www.yrxitong.com/h-col-119.html,系统维护_软件下载 - 小鱼儿yr系统
2024-06-06T10:56:28.678Z,https://replay.cafe/,Re：Play 咖啡厅 --- Re:Play Cafe
2024-06-06T10:56:28.615Z,https://en.lo4d.com/windows/install-uninstall,Free Software Install Manager - 下载 Windows 版 --- Free Software Install Managers - Download for Windows
2024-06-06T10:56:28.602Z,https://www.noiseblogs.top/posts/ca725d90/,w(ﾟДﾟ)w 不要走！再看看嘛！
2024-06-06T10:56:28.468Z,http://sxland.com/,蓝盾云网-电竞酒店维护网吧维护
2024-06-06T10:56:28.382Z,https://www.hellowindows.cn/,HelloWindows.cn - 精校 完整 极致 Windows系统下载仓储站
2024-06-06T10:56:28.214Z,https://gdpr.tubi.tv/,Tubi is the largest free movie and TV streaming service in the US. We are not available in Europe due to changes in EU laws.
2024-06-06T10:56:28.204Z,https://webox.vip/index.php/archives/6.html,微蓝盒子(WeBox)-240322 - 微蓝盒子WeBox--开心每一天
2024-06-06T10:56:28.130Z,https://www.7-zip.org/download.html,Download
2024-06-06T10:56:27.852Z,https://www.ventoy.net/cn/index.html,Ventoy
2024-06-06T10:56:27.795Z,https://www.itsk.com/forum/10,软件发布 - IT天空
2024-06-06T10:56:27.785Z,https://tool.cupmf.com/check/,敏感词检测 - 茶几杯工具箱
2024-06-06T10:56:27.703Z,https://www.youtube.com/watch?v=8cqHYOSMXjs,YouTube
2024-06-06T10:56:27.688Z,https://www.hirensbootcd.org/supporters/,Supporters | Hiren's BootCD PE
2024-06-06T10:56:27.680Z,https://www.freedidi.com/2798.html,在 Windows 11 中检查系统信息的 5 种方法 – 零度解说
2024-06-06T10:56:27.670Z,http://netbarsoft.ysepan.com/,netbarsoft.ysepan.com
2024-06-06T10:56:27.598Z,https://www.bing.com/search?scdexwlispw=1&fromncp=1&q=eix%20site:itsk.com&form=QBDCRD,eix site:itsk.com - 搜索
2024-06-06T10:56:27.522Z,https://download.csdn.net/download/fyshk/10310672,"sqlite运行所需Vc++运行环境，纯净版System.Data.SQLite.dll及SQLite.Interop.dll_cdr应用程序无法启动,因为应用程序的并行配置不正确资源-CSDN文库"
2024-06-06T10:56:27.474Z,https://www.uupdump.cn/,UUP dump不忘初心中文站
2024-06-06T10:56:27.402Z,https://www.freedidi.com/3909.html,硬盘克隆、系统迁移教程！完全免费，速度超快！电脑升级SSD必备 | 零度解说 – 零度解说
2024-06-06T10:56:27.381Z,https://www.itsk.com/thread/401179,Easy Image X v2.19.827.1718 （2019.09.23 发布） - IT天空
2024-06-06T10:56:27.334Z,https://www.freedidi.com/9750.html,这7招！让你电脑速度快到起飞！！直接加载进内存读取，从此告别 Win10/11 系统卡顿、慢等问题 | 零度解说 – 零度解说
2024-06-06T10:56:27.254Z,https://www.freedidi.com/10441.html,每个Windows用户都应该准备这2个USB启动盘！以防万一 – 零度解说
2024-06-06T10:56:27.244Z,https://www.microsoft.com/zh-cn/software-download/windows11,Download Windows 11
2024-06-06T10:56:27.235Z,https://www.itsk.com/,"IT天空 - 新的十年, 新的天空 (已创建17年零11个月"
2024-06-06T10:56:27.200Z,https://ringed-heaven-657.notion.site/944df9d806e44e40920573b1a9bd257d,全部
2024-06-06T10:56:27.159Z,https://www.freedidi.com/2793.html,11 个 无需注册的免费电影流媒体网站 – 零度解说
2024-06-06T10:56:27.083Z,https://linktr.ee/?utm_source=linktree&utm_medium=profile&utm_campaign=footer_logo_cta&utm_content=ntdev,"生物工具中的链接：你的一切，都在一个简单的链接中 |链接树 --- Link in bio tool: Everything you are, in one simple link | Linktree"
2024-06-06T10:56:26.935Z,https://www.sysceo.com/article-article_info-id-1951.html,硬盘进化史：尺寸微缩，容量飞跃-系统总裁
2024-06-06T10:56:26.909Z,https://consumer-tkb.huawei.com/weknow/servlet/show/webKnowContextServlet?knowId=zh-cn00731204,consumer-tkb.huawei.com/weknow/servlet/show/webKnowContextServlet?knowId=zh-cn00731204
2024-06-06T10:56:26.889Z,https://www.123pan.com/FileView?fileId=4079769&shareKey=V36rVv-mWkXv&sharePwd=,123云盘
2024-06-06T10:56:26.868Z,https://www.123pan.com/s/kO1pjv-TuUl3.html,
2024-06-06T10:56:26.802Z,https://www.sysceo.com/,驱动总裁官网_驱动在线安装_离线驱动_系统封装_封装系统_Windows系统封装工具_封装软件推广联盟-系统总裁
2024-06-06T10:56:26.793Z,https://www.sysceo.com/Index-home,商城-系统总裁|系统封装首席执行官
2024-06-06T10:56:26.746Z,https://cloud.189.cn/web/share?code=ZNNrIzmMNnam,天翼云盘 珍藏美好生活 家庭云|网盘|文件备份|资源分享
2024-06-06T10:56:26.702Z,https://go.itab.link/,新标签页
2024-06-06T10:54:30.388Z,https://ggtrj.lanzoui.com/b02ziihgh,HEU_KMS
2024-06-06T10:54:18.187Z,https://www.ggtrj.com/post/5.html,HEU KMS Activator v42.0.4 (windows+office激活工具)_锅盖头软件
2024-06-06T10:54:17.077Z,https://www.ggtrj.com/post/225.html,KMS_VL_ALL_AIO(智能激活工具脚本)v52 中文版_锅盖头软件
2024-06-06T10:53:57.282Z,https://codechina.org/tiny-recommendation/,Tiny推荐 - Tinyfool的个人网站
2024-06-06T10:52:13.222Z,https://musicforprogramming.net/sixtyone/,音乐ForProgramming（）; --- musicForProgramming();
2024-06-06T10:52:12.831Z,https://musicforprogramming.net/sixtyone/,音乐ForProgramming（）; --- musicForProgramming();
2024-06-06T10:52:09.860Z,https://musicforprogramming.net/sixtyone,音乐ForProgramming（）; --- musicForProgramming();
2024-06-06T10:52:08.086Z,https://musicforprogramming.net/sixtytwo,音乐ForProgramming（）; --- musicForProgramming();
2024-06-06T10:51:53.602Z,https://musicforprogramming.net/five/,音乐ForProgramming（）; --- musicForProgramming();
2024-06-06T10:51:53.334Z,https://musicforprogramming.net/five/,音乐ForProgramming（）; --- musicForProgramming();
2024-06-06T10:51:27.157Z,https://www.google.com/search?q=site%3Adiscogs.com+Marmo+-+%E9%9B%B7%E6%96%AF%E7%9A%AE%E7%BD%97,site:discogs.com Marmo - 雷斯皮罗 - Google 搜索
2024-06-06T10:51:26.671Z,https://www.google.com/search?q=site%3Adiscogs.com+Marmo+-+%E9%9B%B7%E6%96%AF%E7%9A%AE%E7%BD%97,site:discogs.com Marmo - 雷斯皮罗 - Google 搜索
2024-06-06T10:51:25.521Z,https://musicforprogramming.net/five,音乐ForProgramming（）; --- musicForProgramming();
2024-06-06T10:51:24.114Z,https://musicforprogramming.net/eight,音乐ForProgramming（）; --- musicForProgramming();
2024-06-06T10:51:23.058Z,https://musicforprogramming.net/three,音乐ForProgramming（）; --- musicForProgramming();
2024-06-06T10:51:20.939Z,https://musicforprogramming.net/two,音乐ForProgramming（）; --- musicForProgramming();
2024-06-06T10:51:15.151Z,https://www.google.com/search?q=site%3Adiscogs.com+Marmo+-+%E9%9B%B7%E6%96%AF%E7%9A%AE%E7%BD%97,site:discogs.com Marmo - 雷斯皮罗 - Google 搜索
2024-06-06T10:51:14.575Z,https://www.google.com/search?q=site%3Adiscogs.com+Marmo+-+%E9%9B%B7%E6%96%AF%E7%9A%AE%E7%BD%97,site:discogs.com Marmo - 雷斯皮罗 - Google 搜索
2024-06-06T10:50:49.924Z,https://musicforprogramming.net/sixtynine/,音乐ForProgramming（）; --- musicForProgramming();
2024-06-06T10:50:49.491Z,https://musicforprogramming.net/sixtynine/,音乐ForProgramming（）; --- musicForProgramming();
2024-06-06T10:50:29.246Z,https://www.google.com/search?q=site%3Adiscogs.com+Marmo+-+Respiro,site:discogs.com Marmo - Respiro - Google 搜索
2024-06-06T10:50:28.418Z,https://www.google.com/search?q=site%3Adiscogs.com+Marmo+-+Respiro,site:discogs.com Marmo - Respiro - Google 搜索
2024-06-06T10:49:00.983Z,https://bdwk.gg999.top/,小风同学文档下载助手
2024-06-06T10:48:12.001Z,https://lukefan.com/2024/06/,2024 6 月 : 硕鼠的博客站
2024-06-06T10:48:02.907Z,https://lukefan.com/2024/05/,2024 5 月 : 硕鼠的博客站
2024-06-06T10:47:58.508Z,https://lukefan.com/2024/06/,2024 6 月 : 硕鼠的博客站
2024-06-06T10:47:53.969Z,https://lukefan.com/,范路的博客主站，时而会发些东西。 : 硕鼠的博客站
2024-06-06T10:47:45.470Z,https://www.youtube.com/watch?v=5FCFHLKguig,2024年电商618大促战场：京东大裁员，阿里也只能稳住，拼多多异军突起，TikTok和抖音虎视眈眈。 - YouTube
2024-06-06T10:46:41.127Z,https://www.hirensbootcd.org/download/,下载 |Hiren's BootCD PE
2024-06-06T10:45:59.855Z,https://www.islide.cc/,iSlide- 让PPT设计简单起来 | PPT模板下载平台
2024-06-06T10:45:54.698Z,https://www.islide.cc/?lm=lw,iSlide- 让PPT设计简单起来 | PPT模板下载平台
2024-06-06T10:45:12.068Z,https://www.123pan.com/s/LoLuVv-9EK7H%E6%8F%90%E5%8F%96%E7%A0%81:0000%EF%BC%88%E5%AE%98%E6%96%B9%E6%AD%A3%E7%89%88%EF%BC%89,Win11_22H2_Chinese_Simplified_x64v1.iso官方版下载丨最新版下载丨绿色版下载丨APP下载-123云盘
2024-06-06T10:45:09.760Z,https://market.aliyun.com/software,基础软件_数据库软件_服务器部署_开源软件程序 - 阿里云
2024-06-06T10:45:08.713Z,https://login.microsoftonline.com/common/oauth2/authorize?client_id=499b84ac-1321-427f-aa17-267ca6975798&site_id=501454&response_mode=form_post&response_type=code+id_token&redirect_uri=https%3A%2F%2Fapp.vssps.visualstudio.com%2F_signedin&nonce=a971cffb-9f25-41c1-b7a2-72d88d7f5b25&state=realm%3Dmy.visualstudio.com%26reply_to%3Dhttps%253A%252F%252Fmy.visualstudio.com%252FDownloads%252FFeatured%253Fmkt%253Dzh-cn%26ht%3D3%26mkt%3Dzh-CN%26nonce%3Da971cffb-9f25-41c1-b7a2-72d88d7f5b25&resource=https%3A%2F%2Fmanagement.core.windows.net%2F&cid=a971cffb-9f25-41c1-b7a2-72d88d7f5b25&wsucxt=1&githubsi=true&msaoauth2=true&mkt=zh-CN,登录到您的帐户
2024-06-06T10:45:08.331Z,https://www.microsoft.com/zh-cn/,Microsoft - 云、计算机、应用和游戏
2024-06-06T10:45:07.853Z,https://www.islide.cc/,iSlide- 让PPT设计简单起来 | PPT模板下载平台
2024-06-06T10:45:06.886Z,https://app.vssps.visualstudio.com/_signin?realm=my.visualstudio.com&reply_to=https%3A%2F%2Fmy.visualstudio.com%2FDownloads%2FFeatured%3Fmkt%3Dzh-cn&redirect=1&mkt=zh-CN&context=eyJodCI6MywiaGlkIjoiN2QxNmE5OTUtMDA0Mi1kMGZhLWRhZGQtYTQ4YzUzYWRkYjllIiwicXMiOnt9LCJyciI6IiIsInZoIjoiIiwiY3YiOiIiLCJjcyI6IiJ90#ctx=eyJTaWduSW5Db29raWVEb21haW5zIjpbImh0dHBzOi8vbG9naW4ud2luZG93cy5uZXQiLCJodHRwczovL2xvZ2luLm1pY3Jvc29mdG9ubGluZS5jb20iXX01,Azure DevOps Services | Sign In
2024-06-06T10:45:04.839Z,https://www.islide.cc/,iSlide- 让PPT设计简单起来 | PPT模板下载平台
2024-06-06T10:45:03.721Z,https://app.vssps.visualstudio.com/_signin?realm=my.visualstudio.com&reply_to=https%3A%2F%2Fmy.visualstudio.com%2FDownloads%2FFeatured%3Fmkt%3Dzh-cn&redirect=1&mkt=zh-CN&context=eyJodCI6MywiaGlkIjoiN2QxNmE5OTUtMDA0Mi1kMGZhLWRhZGQtYTQ4YzUzYWRkYjllIiwicXMiOnt9LCJyciI6IiIsInZoIjoiIiwiY3YiOiIiLCJjcyI6IiJ90#ctx=eyJTaWduSW5Db29raWVEb21haW5zIjpbImh0dHBzOi8vbG9naW4ud2luZG93cy5uZXQiLCJodHRwczovL2xvZ2luLm1pY3Jvc29mdG9ubGluZS5jb20iXX01,Azure DevOps Services | Sign In
2024-06-06T10:45:00.543Z,https://www.microsoft.com/zh-cn/software-download/windows10,下载 Windows 10
2024-06-06T10:44:54.964Z,https://next.itellyou.cn/,"NEXT, ITELLYOU"
2024-06-06T10:44:40.068Z,https://github.com/pbatard,pbatard (Pete Batard)
2024-06-06T10:44:39.390Z,https://github.com/pbatard,pbatard (Pete Batard)
2024-06-06T10:44:37.821Z,https://github.com/pbatard/Fido,pbatard/Fido：用于下载 Windows 或 UEFI Shell ISO 的 PowerShell 脚本
2024-06-06T10:44:33.524Z,https://github.com/pbatard/Fido,pbatard/Fido：用于下载 Windows 或 UEFI Shell ISO 的 PowerShell 脚本
2024-06-06T10:44:33.183Z,https://github.com/pbatard/Fido,pbatard/Fido：用于下载 Windows 或 UEFI Shell ISO 的 PowerShell 脚本
2024-06-06T10:44:32.978Z,https://github.com/pbatard/Fido,pbatard/Fido：用于下载 Windows 或 UEFI Shell ISO 的 PowerShell 脚本
2024-06-06T10:44:32.574Z,https://github.com/pbatard/Fido,pbatard/Fido：用于下载 Windows 或 UEFI Shell ISO 的 PowerShell 脚本
2024-06-06T10:43:53.898Z,https://wtdr.whatk.me/Docs/hostname.html#%E7%94%A8%E6%B3%95,修改主机名 | WTDR
2024-06-06T10:43:53.122Z,https://wtdr.whatk.me/Docs/hostname.html,修改主机名 | WTDR
2024-06-06T10:43:45.724Z,https://wtdr.whatk.me/Docs/#wtdr-%E6%98%AF%E4%BB%80%E4%B9%88,介绍 | WTDR
2024-06-06T10:43:44.870Z,https://wtdr.whatk.me/Docs/,介绍 | WTDR
2024-06-06T10:43:39.940Z,https://wtdr.whatk.me/,WTDR
2024-06-06T10:43:06.167Z,http://findresultsonline.com/?dn=latest10.win&rg=8810114&_slsen=0,最新10.win --- Latest10.win
2024-06-06T10:42:59.377Z,http://findresultsonline.com/?dn=latest10.win&rg=8810114&_slsen=0,最新10.win --- Latest10.win
2024-06-06T10:42:42.477Z,https://windsys.win/,Windsys Project (Windsys.win) | 也许是最适合年轻人使用的第三方社区系统~
2024-06-06T10:42:31.492Z,https://winworldpc.com/library/operating-systems,WinWorld：库 --- WinWorld: Library
2024-06-06T10:42:14.180Z,https://winworldpc.com/home,WinWorld：欢迎
2024-06-06T10:41:36.180Z,https://www.sysmini.com/,极简系统-最纯净的系统下载平台
2024-06-06T10:41:11.502Z,https://windsys.win/get/owari,获取镜像 | Windsys Project (Windsys.win) | 也许是最适合年轻人使用的第三方社区系统~
2024-06-06T10:41:09.903Z,http://findresultsonline.com/?dn=latest10.win&rg=8810114&_slsen=0,最新10.win --- Latest10.win
2024-06-06T10:41:08.402Z,https://windsys.win/get/owari/,获取镜像 | Windsys Project (Windsys.win) | 也许是最适合年轻人使用的第三方社区系统~
2024-06-06T10:41:08.252Z,https://bdwk.gg999.top/,小风同学文档下载助手
2024-06-06T10:41:08.140Z,https://www.hirensbootcd.org/download/,下载 |Hiren's BootCD PE
2024-06-06T10:41:08.026Z,https://codechina.org/,首页 - Tinyfool的个人网站
2024-06-06T10:41:08.004Z,https://musicforprogramming.net/sixtynine/,音乐ForProgramming（）; --- musicForProgramming();
2024-06-06T10:41:07.690Z,https://www.xshell.com/zh/free-for-home-school/,家庭/学校免费 - NetSarang Website
2024-06-06T10:41:07.617Z,https://lukefan.com/,范路的博客主站，时而会发些东西。 : 硕鼠的博客站
2024-06-06T10:41:07.593Z,https://winworldpc.com/home,WinWorld：欢迎
2024-06-06T10:41:07.424Z,https://github.com/pbatard/Fido,pbatard/Fido：用于下载 Windows 或 UEFI Shell ISO 的 PowerShell 脚本
2024-06-06T10:41:07.281Z,https://www.ghxi.com/,果核剥壳 - 互联网的净土
2024-06-06T10:41:07.244Z,https://windsys.win/works/,作品 | Windsys Project (Windsys.win) | 也许是最适合年轻人使用的第三方社区系统
2024-06-06T10:41:07.231Z,https://hellowindows.cn/#,HelloWindows.cn - 精校 完整 极致 Windows系统下载仓储站
2024-06-06T10:41:07.193Z,https://www.sysmini.com/,极简系统-最纯净的系统下载平台
2024-06-06T10:41:07.181Z,https://www.noisedh.cn/#d862fd1e2fd33a4df0098d04b5789579,Noise导航 & 收录值得珍藏的网站
2024-06-06T10:41:07.132Z,https://wtdr.whatk.me/,WTDR
2024-06-06T10:41:07.082Z,https://www.imf8.cn/,爱免费吧 - 发布与分享一些技术文章使用心得
2024-06-06T10:41:07.032Z,https://tis.whatk.me/zh,介绍 – TIS
2024-06-06T10:41:06.914Z,https://www.zhihu.com/question/268125057/answers/updated,WIN10除了MSDN里面的原版镜像，还有哪些系统网站做的比较好？（无捆绑软件）？ - 知乎
2024-06-06T10:41:06.880Z,https://www.xitonggho.com/,【系统Gho】win11纯净系统_win10纯净系统下载_win7纯净系统_个人软件测试 -系统重装
2024-06-06T10:41:06.859Z,https://www.youtube.com/watch?v=iopsl4tA8PI,Ubuntu 24.04 LTS 稳定版正式发布！性能强悍、速度快，老旧电脑的救星，附最新下载安装教程 | 零度解说 - YouTube
2024-06-06T10:41:06.824Z,https://www.ggtrj.com/pcsoft/,电脑软件_锅盖头软件
2024-06-06T10:41:06.787Z,https://codemutex.com/,NextSSH - Windows SSH客户端 | macOS SSH客户端 | 简洁直观的 SSH 客户端 | Codemutex
2024-06-06T10:41:06.705Z,https://music.163.com/#/artist?id=31152709,网易云音乐
2024-06-06T10:41:06.681Z,https://www.imsdn.cn/windows-10/,Windows 10 ISO 原版镜像下载 - 我的MSDN
2024-06-06T10:41:06.595Z,https://link.zhihu.com/?target=https%3A//www.microsoft.com/zh-cn/,知乎 - 安全中心
2024-06-06T10:41:06.585Z,https://link.zhihu.com/?target=https%3A//www.123pan.com/s/LoLuVv-9EK7H%25E6%258F%2590%25E5%258F%2596%25E7%25A0%2581%3A0000%25EF%25BC%2588%25E5%25AE%2598%25E6%2596%25B9%25E6%25AD%25A3%25E7%2589%2588%25EF%25BC%2589,知乎 - 安全中心
2024-06-06T10:41:06.571Z,https://link.zhihu.com/?target=https%3A//www.islide.cc/,知乎 - 安全中心
2024-06-06T10:41:06.559Z,https://link.zhihu.com/?target=https%3A//www.microsoft.com/zh-cn/software-download/windows10,知乎 - 安全中心
2024-06-06T10:41:06.482Z,https://link.zhihu.com/?target=https%3A//next.itellyou.cn/,知乎 - 安全中心
2024-06-06T10:41:06.474Z,https://link.zhihu.com/?target=https%3A//my.visualstudio.com/Downloads/Featured%3Fmkt%3Dzh-cn,知乎 - 安全中心
2024-06-06T10:41:06.457Z,https://link.zhihu.com/?target=https%3A//market.aliyun.com/software,知乎 - 安全中心
2024-06-06T10:40:20.533Z,https://telegra.ph/%E6%B3%A8%E6%84%8F%E5%8A%9B-06-04,telegra.ph
2024-06-06T10:40:16.487Z,https://telegra.ph/github-06-06-4,telegra.ph
2024-06-06T10:34:12.389Z,https://pan.baidu.com/buy/checkoutcounter?tag=8&tag=8&active_svip=1y_auto&getfare=true&from=homepage,百度-百度网盘-支付中心
2024-06-06T10:34:11.959Z,https://pan.baidu.com/buy/checkoutcounter?tag=8&active_svip=1y_auto&getfare=true&tag=8&from=homepage,百度-百度网盘-支付中心
2024-06-06T10:33:53.355Z,https://pan.baidu.com/s/1OGqObA7zin1oQyN2cY7HQg?pwd=gxtt#list/path=%2Fsharelink2183704277-353585483877250%2F%E6%95%B0%E6%8E%A7%E7%BB%B4%E4%BF%AE%E8%B0%83%E8%AF%95%E5%8A%A9%E6%89%8B&parentPath=%2Fsharelink2183704277-353585483877250,数控维修调试助手_免费高速下载|百度网盘-分享无限制
2024-06-06T10:33:51.994Z,https://pan.baidu.com/s/1OGqObA7zin1oQyN2cY7HQg?pwd=gxtt#list/path=%2F,数控维修调试助手_免费高速下载|百度网盘-分享无限制
2024-06-06T10:33:23.381Z,https://www.qianguyihao.com/post/2021-11-22-communicate/#%E6%9C%AC%E4%B9%A6%E4%BD%9C%E8%80%85%EF%BC%9A%E8%84%B1%E4%B8%8D%E8%8A%B1,《沟通的方法》读书笔记：职场沟通的关键要素 | 千古壹号的博客
2024-06-06T10:33:23.271Z,https://www.qianguyihao.com/post/2021-11-22-communicate/#%E5%85%88%E6%9D%A5%E7%9C%8B%E5%87%A0%E9%81%93%E6%B5%8B%E8%AF%95%E9%A2%98,《沟通的方法》读书笔记：职场沟通的关键要素 | 千古壹号的博客
2024-06-06T10:33:22.510Z,https://www.qianguyihao.com/post/2021-11-22-communicate/#2%E3%80%81%E6%8D%A2%E5%9C%BA%E5%90%88,《沟通的方法》读书笔记：职场沟通的关键要素 | 千古壹号的博客
2024-06-06T10:33:21.908Z,https://www.qianguyihao.com/post/2021-11-22-communicate/#3%E3%80%81%E6%8D%A2%E8%A7%92%E8%89%B2,《沟通的方法》读书笔记：职场沟通的关键要素 | 千古壹号的博客
2024-06-06T10:33:21.777Z,https://www.qianguyihao.com/post/2021-11-22-communicate/#%E7%9B%B4%E8%A8%80%E6%9C%89%E8%AE%B3,《沟通的方法》读书笔记：职场沟通的关键要素 | 千古壹号的博客
2024-06-06T10:33:19.866Z,https://www.qianguyihao.com/post/2021-11-22-communicate/#%E7%A7%AF%E6%9E%81%E5%9B%9E%E5%BA%94%E7%9A%84%E4%B8%80%E4%BA%9B%E5%8F%A5%E5%9E%8B,《沟通的方法》读书笔记：职场沟通的关键要素 | 千古壹号的博客
2024-06-06T10:33:19.747Z,https://www.qianguyihao.com/post/2021-11-22-communicate/#%E7%9B%B4%E8%A8%80%E6%9C%89%E8%AE%B3,《沟通的方法》读书笔记：职场沟通的关键要素 | 千古壹号的博客
2024-06-06T10:33:19.633Z,https://www.qianguyihao.com/post/2021-11-22-communicate/#3%E3%80%81%E6%8D%A2%E8%A7%92%E8%89%B2,《沟通的方法》读书笔记：职场沟通的关键要素 | 千古壹号的博客
2024-06-06T10:33:19.523Z,https://www.qianguyihao.com/post/2021-11-22-communicate/#1%E3%80%81%E6%8D%A2%E6%97%B6%E9%97%B4,《沟通的方法》读书笔记：职场沟通的关键要素 | 千古壹号的博客
2024-06-06T10:33:17.297Z,https://www.qianguyihao.com/post/2021-11-22-communicate/#%E4%BA%8C%E3%80%81%E9%9D%A2%E5%AF%B9%E4%B8%8D%E5%8F%8B%E5%A5%BD%E7%9A%84%E4%BA%BA%EF%BC%8C%E5%A6%82%E4%BD%95%E7%A7%AF%E6%9E%81%E5%9B%9E%E5%BA%94,《沟通的方法》读书笔记：职场沟通的关键要素 | 千古壹号的博客
2024-06-06T10:33:17.125Z,https://www.qianguyihao.com/post/2021-11-22-communicate/#3%E3%80%81%E6%9C%9F%E5%BE%85,《沟通的方法》读书笔记：职场沟通的关键要素 | 千古壹号的博客
2024-06-06T10:33:16.943Z,https://www.qianguyihao.com/post/2021-11-22-communicate/#%E6%9C%AC%E4%B9%A6%E4%BB%8B%E7%BB%8D,《沟通的方法》读书笔记：职场沟通的关键要素 | 千古壹号的博客
2024-06-06T10:28:10.819Z,https://www.toolify.ai/,最佳 AI 工具目录和 AI 工具列表 - Toolify
2024-06-06T10:28:10.816Z,https://www.toolify.ai/,最佳 AI 工具目录和 AI 工具列表 - Toolify
2024-06-06T10:28:08.827Z,https://www.toolify.ai/,最佳 AI 工具目录和 AI 工具列表 - Toolify
2024-06-06T10:24:33.844Z,https://www.lengcat.com/1901.html,不常见语言|14套黑马程序员课程打包【资料全部完整】 - 冷猫资源网
2024-06-06T10:23:38.132Z,https://pan.baidu.com/share/init?surl=OGqObA7zin1oQyN2cY7HQg&pwd=gxtt,百度网盘 请输入提取码
2024-06-06T10:23:12.145Z,https://pan.baidu.com/share/init?surl=OGqObA7zin1oQyN2cY7HQg&pwd=gxtt,百度网盘 请输入提取码
2024-06-06T10:21:59.906Z,https://telegra.ph/%E8%A5%BF%E9%97%A8%E5%AD%90%E7%BD%91%E7%AB%99-06-04,西门子网站 – Telegraph
2024-06-06T10:21:11.436Z,https://www.isomorphiclabs.com/articles/alphafold-3-predicts-the-structure-and-interactions-of-all-of-lifes-molecules?continueFlag=d5b02e6ee90ef57cca9b15b02a5a02a2,AlphaFold 3 预测所有生命分子的结构和相互作用 - Isomorphic Labs --- AlphaFold 3 predicts the structure and interactions of all of life’s molecules - Isomorphic Labs
2024-06-06T10:21:10.570Z,https://meegle.com/,Meegle - 下一代项目管理工具 --- Meegle - Project Management Tool of the Next Gen
2024-06-06T10:21:10.419Z,https://www.91wink.com/index.php/%e8%bf%99%e4%b8%aaai%e5%af%bc%e8%88%aa%e7%bd%91%e7%ab%99%ef%bc%8c%e6%af%8f%e6%9c%88456-4%e4%b8%87%e8%ae%bf%e9%97%ae%e9%87%8f/,这个AI导航网站，每月456.4万访问量_独立开发前线
2024-06-06T10:21:10.046Z,https://www.qianguyihao.com/post/2021-11-22-communicate/,《沟通的方法》读书笔记：职场沟通的关键要素 | 千古壹号的博客
2024-06-06T10:21:09.973Z,https://www.lengcat.com/,冷猫资源网-业内一流商业源码分享编程学习教程下载网站
2024-06-06T10:21:09.508Z,https://mall.siemens.com.cn/pcweb/listSearch?frontCategoryUuid=8714645080b64156be820f889ae8ca45&keyword=&keyWordType=%E6%90%9C%E7%B4%A2%E8%AF%8D&isShowTab=%E6%90%9C%E7%B4%A2%E8%AF%8D,列表搜索
2024-06-06T10:21:09.386Z,https://getquicker.net/Share/Actions,分享的动作 - Quicker
2024-06-06T10:21:09.302Z,https://www.123pan.com/s/RZLkjv-25WPH.html,加速1.2.zip官方版下载丨最新版下载丨绿色版下载丨APP下载-123云盘
2024-06-06T10:21:09.291Z,https://mp.weixin.qq.com/s/ayuoB6LNp_IVd2QKLnMZZQ,Win11 24H2 将启用加密工具！
2024-06-06T10:21:09.236Z,https://mp.weixin.qq.com/s/LwrFFYtB4rP0LoVjWE81cg,电脑已经有了一个Windows10，再多装一个Windows10组成双系统
2024-06-06T10:21:09.226Z,https://mp.weixin.qq.com/s/lvwg2V9e05TtGQ78KbpjAw,USB调试工具大全
2024-06-06T10:21:09.160Z,https://mp.weixin.qq.com/s/0YC4alL4y0eLzuDPLpgQyg,Windows 11 中的此设置可以将 SSD 的性能减半
2024-06-06T10:21:09.150Z,https://mp.weixin.qq.com/s/IwUiMV3zTuw3b1UxX9_kqg,软件分享 | 用一个不到1M的软件打造文件层级管理系统
2024-06-06T10:21:09.081Z,https://mp.weixin.qq.com/s/u6woxC1xC8TXOL-ClcC9uQ,西门子软件大全网盘链接及安装使用方法
2024-06-06T10:21:09.072Z,https://mp.weixin.qq.com/s/pNhhHhUh8nAA8vHMkMTaVg,生日快乐！Adele：作为歌手、母亲以及妻子，我感到无比幸福！
2024-06-06T10:21:09.009Z,https://mp.weixin.qq.com/s/RQRgpPznvPPjsyFRSkOWZQ,普通人一辈子都看不到的13个真相（建议收藏）
2024-06-06T10:21:08.861Z,https://mp.weixin.qq.com/s/J5BLI9hCfT8Jqg9vWS3Sbg,好消息：小程序更新了，我的订阅号有留言功能了
2024-06-06T10:21:08.850Z,https://mp.weixin.qq.com/s/ZSMV5aMgSaBm8IylDjkTEw,关于近期办理税费业务的重要提醒
2024-06-06T10:21:08.813Z,https://www.123pan.com/s/RZLkjv-25WPH.html,加速1.2.zip官方版下载丨最新版下载丨绿色版下载丨APP下载-123云盘
2024-06-06T10:21:08.803Z,https://www.xiaoyuzhoufm.com/episode/66122b9a4f66d1c1da767ea9,No.8王梦珂&阮航：离职后才明白，原来钱是这么挣的啊 - 快乐公司 | 小宇宙 - 听播客，上小宇宙
2024-06-06T10:21:08.794Z,https://mp.weixin.qq.com/s/izJGD3qkU6dkB_rw94ix9Q,"多机多屏,PLC与HMI自由组网更灵活"
2024-06-06T10:21:08.756Z,https://zhuanlan.zhihu.com/p/128927656?ivk_sa=1024320u,"西门子S7-1200 V90 扭矩控制,750附加报文 - 知乎"
2024-06-06T10:21:08.715Z,https://mp.weixin.qq.com/s/0PG9tgzyKyrgqyNvgVQpHg,请学会，成熟地结束关系。
2024-06-06T10:21:08.614Z,https://mp.weixin.qq.com/s/TT1O_vTlDLhORXYxiuZ_VQ,不管夫妻还是情侣，把你放在心上的人，都会这么做
2024-06-06T10:21:08.592Z,https://mp.weixin.qq.com/s/ky5lKTZtddJtgF77esL_9g,效率管理：重新认识净资产收益率
2024-06-06T10:21:08.435Z,https://mp.weixin.qq.com/s/vHId4-0pqPm5LGZYROq1Mw,再见，PLC！某宝付费搞来的，请低调使用！
2024-06-06T10:21:08.419Z,https://mp.weixin.qq.com/s/2itD7pD_eXiPuX3Rr_MMlQ,微信公众平台
2024-06-06T10:21:08.400Z,https://mp.weixin.qq.com/s/nhvAytXkJ_2Cryat54dG3A,一个人不成熟的21个表现
2024-06-06T10:21:00.715Z,https://mp.weixin.qq.com/s/nhvAytXkJ_2Cryat54dG3A,一个人不成熟的21个表现
2024-06-06T10:18:41.810Z,https://www.figma.com/@clu,Figma （@clu） |菲格玛 --- Figma (@clu) | Figma
2024-06-06T10:18:40.065Z,https://www.figma.com/@clu,Figma （@clu） |菲格玛 --- Figma (@clu) | Figma
2024-06-06T10:16:47.563Z,https://moon.fm/google-podcasts/,🚀 立即从 Google 播客到 Moon FM：您的无忧迁移指南 --- 🚀 From Google Podcasts to Moon FM in No Time: Your Hassle-Free Migration Guide
2024-06-06T10:16:47.561Z,https://moon.fm/google-podcasts/,🚀 立即从 Google 播客到 Moon FM：您的无忧迁移指南 --- 🚀 From Google Podcasts to Moon FM in No Time: Your Hassle-Free Migration Guide
2024-06-06T10:16:45.723Z,https://moon.fm/google-podcasts/,🚀 立即从 Google 播客到 Moon FM：您的无忧迁移指南 --- 🚀 From Google Podcasts to Moon FM in No Time: Your Hassle-Free Migration Guide
2024-06-06T10:16:06.051Z,https://craig.wf/uses,用途 ·克雷格·哈特 --- Uses · Craig Hart
2024-06-06T10:16:04.446Z,https://craig.wf/uses,用途 ·克雷格·哈特 --- Uses · Craig Hart
2024-06-06T10:15:30.294Z,https://craigary.notion.site/d6faf79a18254f289f6e0d3c271c3e92?v=cdad32cc321643fba10c67a3f4851334,Notion 帮助文档
2024-06-06T10:15:27.967Z,https://craigary.notion.site/d6faf79a18254f289f6e0d3c271c3e92?continueFlag=0cdfa1c728dea8d5babf12436e08d2dc,Notion 帮助文档
2024-06-06T10:15:27.037Z,https://craigary.notion.site/d6faf79a18254f289f6e0d3c271c3e92?continueFlag=0cdfa1c728dea8d5babf12436e08d2dc,Notion 帮助文档
2024-06-06T10:15:02.369Z,https://craigary.notion.site/d6faf79a18254f289f6e0d3c271c3e92?v=cdad32cc321643fba10c67a3f4851334,Notion 帮助文档
2024-06-06T10:15:00.253Z,https://craigary.notion.site/d6faf79a18254f289f6e0d3c271c3e92?continueFlag=0cdfa1c728dea8d5babf12436e08d2dc,Notion 帮助文档
2024-06-06T10:14:59.138Z,https://craigary.notion.site/d6faf79a18254f289f6e0d3c271c3e92?continueFlag=0cdfa1c728dea8d5babf12436e08d2dc,Notion 帮助文档
2024-06-06T10:14:52.209Z,https://weibo.cn/sinaurl?u=https%3A%2F%2Fthe-block.club%2Fhelp,
2024-06-06T10:14:45.548Z,https://weibo.com/u/1837470933,@Craigary 的个人主页 - 微博
2024-06-06T10:14:44.262Z,https://weibo.com/n/%E6%88%91%E7%9A%84Notion,@我的Notion 的个人主页 - 微博
2024-06-06T10:14:33.419Z,https://weibo.cn/sinaurl?u=https%3A%2F%2Fthe-block.club%2Fhelp,
2024-06-06T10:14:18.954Z,https://web.okjike.com/u/06EE70F0-705E-4ACB-8BAC-0211118A3785,ice_Yaya - 即刻
2024-06-06T10:13:34.973Z,https://www.flashinfo.top/MPTool,量产工具下载页 - FlashInfo
2024-06-06T10:12:52.762Z,https://ryolu.notion.site/80f60682c2714375ba07adff08b9dee0?v=92966d883ec04a7e86864999c799723a,Ryo的作品 |最新 --- Ryo’s Work | Newest
2024-06-06T10:11:42.342Z,https://docs.tangly1024.com/article/notion-short-key,Notion快捷键大全 | NotionNext帮助手册
2024-06-06T10:11:37.960Z,https://calendar.notion.so/,五月 2024 ·概念日历 --- May 2024 · Notion Calendar
2024-06-06T10:11:34.751Z,https://calendar.notion.so/event/create,概念日历 --- Notion Calendar
2024-06-06T10:11:31.589Z,https://calendar.notion.so/,五月 2024 ·概念日历 --- May 2024 · Notion Calendar
2024-06-06T10:11:20.107Z,https://calendar.notion.so/calendar/OTU5NzVjMDNkNzUwZTlmM2M0NmM2ZDI5OTljOGZkYWM3ZGExZDU5MmY3ZWYzMzJjNTJjNjc5NWI5YWEzZWE2OUBncm91cC5jYWxlbmRhci5nb29nbGUuY29tLzA2ODI1OTgxLTNiM2QtNDc2NS1hN2M0LTRiOGYyZWJmMmEwMQ==,做爱 ·概念日历 --- 做爱 · Notion Calendar
2024-06-06T10:11:15.235Z,https://calendar.notion.so/shortcuts,快捷方式 ·概念日历 --- Shortcuts · Notion Calendar
2024-06-06T10:11:12.077Z,https://calendar.notion.so/settings/calendars,日历设置 ·概念日历 --- Calendars settings · Notion Calendar
2024-06-06T10:11:04.647Z,https://calendar.notion.so/shortcuts,快捷方式 ·概念日历 --- Shortcuts · Notion Calendar
2024-06-06T10:11:03.693Z,https://calendar.notion.so/auth?state=provider%3Dgoogle%26client%3Dweb%26nonce%3Db5ab0e8f-5661-445f-84fd-c0ede0334597%26pathname%3D%252Fshortcuts&code=4%2F0AdLIrYdIGV4cZ73KWtDCQV5r1txwYKVj-Cuuxizu9ybY9piJ1WbLO4FwBWfCeJIL6SPYnw&scope=email%20profile%20https%3A%2F%2Fwww.googleapis.com%2Fauth%2Fdirectory.readonly%20openid%20https%3A%2F%2Fwww.googleapis.com%2Fauth%2Fcontacts.other.readonly%20https%3A%2F%2Fwww.googleapis.com%2Fauth%2Fcontacts%20https%3A%2F%2Fwww.googleapis.com%2Fauth%2Fcalendar.settings.readonly%20https%3A%2F%2Fwww.googleapis.com%2Fauth%2Fcalendar.events%20https%3A%2F%2Fwww.googleapis.com%2Fauth%2Fcalendar%20https%3A%2F%2Fwww.googleapis.com%2Fauth%2Fuserinfo.profile%20https%3A%2F%2Fwww.googleapis.com%2Fauth%2Fuserinfo.email&authuser=0&prompt=consent,快捷方式 ·概念日历 --- Shortcuts ·概念日历
2024-06-06T10:11:03.489Z,https://calendar.notion.so/auth?state=popup%3Dtrue%26provider%3Dgoogle%26client%3Dweb%26nonce%3Db5ab0e8f-5661-445f-84fd-c0ede0334597%26pathname%3D%252Fshortcuts&code=4/0AdLIrYdIGV4cZ73KWtDCQV5r1txwYKVj-Cuuxizu9ybY9piJ1WbLO4FwBWfCeJIL6SPYnw&scope=email%20profile%20https://www.googleapis.com/auth/directory.readonly%20openid%20https://www.googleapis.com/auth/contacts.other.readonly%20https://www.googleapis.com/auth/contacts%20https://www.googleapis.com/auth/calendar.settings.readonly%20https://www.googleapis.com/auth/calendar.events%20https://www.googleapis.com/auth/calendar%20https://www.googleapis.com/auth/userinfo.profile%20https://www.googleapis.com/auth/userinfo.email&authuser=0&prompt=consent,Notion Calendar
2024-06-06T10:11:03.413Z,https://calendar.notion.so/auth?state=popup%3Dtrue%26provider%3Dgoogle%26client%3Dweb%26nonce%3Db5ab0e8f-5661-445f-84fd-c0ede0334597%26pathname%3D%252Fshortcuts&code=4/0AdLIrYdIGV4cZ73KWtDCQV5r1txwYKVj-Cuuxizu9ybY9piJ1WbLO4FwBWfCeJIL6SPYnw&scope=email%20profile%20https://www.googleapis.com/auth/directory.readonly%20openid%20https://www.googleapis.com/auth/contacts.other.readonly%20https://www.googleapis.com/auth/contacts%20https://www.googleapis.com/auth/calendar.settings.readonly%20https://www.googleapis.com/auth/calendar.events%20https://www.googleapis.com/auth/calendar%20https://www.googleapis.com/auth/userinfo.profile%20https://www.googleapis.com/auth/userinfo.email&authuser=0&prompt=consent,Notion Calendar
2024-06-06T10:11:00.403Z,https://accounts.google.com/signin/oauth/v2/consentsummary?as=S-1073217336:1717668656223926&authuser=0&client_id=31377706731-1hgv51kj0e16m8jqubi4nlvq07ebnusa.apps.googleusercontent.com&flowName=GeneralOAuthFlow&part=AJi8hANhED4Pt4NyTK0VTllDxIDRv-t45NGNQuMAaQGecUXJoAmgyneukxEhd_rvFAbsh2fVSMcyK75FatEuums9ZTIXFLqqRaU8H7IycfLQLBfGh8dFwcttDNOkRn9BSuoLcwbzQ1GTVWigYmP-tUgprBH3I6rZeo-JkvTqvRuFOoQJPGDG6X5cRYIqxuEwrgNJHmK-f3OsTvYBmSM-5nDLNlRddCn-NN5WYNPMEKewWMATOrR6sOO8tays0Z6LwKBHCjQVXc0ifRaEWNxg-ppCLTGdBNRSmzUeJp6jiBThJtVl9qJ-EIvb0zrji93b5AzsD_57fqdkFjfMyG_GugV_a_KYlR9cKP_TxBZevC9msoRb0UvV9XdfeFqp8qU6AdzmeZBUzCFi4c4elCIdcjgDk5280Ht7mD78mM_-d5CmOjpZ3PtOCdkQvDnCni6bKBP2HqrmajcpHsC1DjkmRtxSNyaFdOAmrf9grsbsh2I4YEpSUtGlUsD5BX7YPW086LYFPAUJ7GzK6XGZhlP1ldFJsDpxr9JSrhEP2QfFGp5fKqgij75l0hlq4EtPgrpzJk-p33z_hk06fpxjHnxQfut08yfccP4RQh0OE9-FqlQc1_egn47A97STUIL_ZKKqmM-NgcYJT8OxpmmKYpO9-_L8H69TUZxHIc-T-lTspkHAlQY98dHjwEP_Kf7W-duOXZElvl4VmoL1VVP5kbu_aggJkucZkggl6GoPFmCbyk4vuHbnfiGJarX38bj0Y3sXbc7uHQrKyBdwGpV-aPSLEu4-URMfEbZZhgAz2nX3t0xKEU3fayyRYfZdTtdheuVyMvaqCgFHmQRNEgibHwK3VkTZbv5pzC5SKat-UmliTJ6XYkFs8373xN0O-qlJPdmZp6zOggmSVE_jYlKk0CoBlvLaPgSTJjiyAaIO7Ic-2KBUzryOYvFiLgHQ-eYoKXSVVH4AcEYP3h-oXKz45kC0fHGzvgaI20OQ9VCAMTdNyv1YkSJkDmCZTs7aT5JdnErPAfRtIbaF6dSzennrzTQGT2Us5eBhCgWXhJLO25nisIErWIl1r6ZBRssXczuBTSeNLj9hIeo1oAB9dn6hwltE4fkEbk2PPdUy_1WdEYjoINJU4UUT-5v2_-dGv2kyCktxapzZ_7RuwtFargw2QLZcAcodghOM6a7CNGpRNFpeafijz_tswh_JKA9J8d0BVL8vI4IkQJzabvluYR01yko8KjvRw_h-6qZZs6b8bv0mwqjZTT_iLnj_BiHTxuT8KkKstEM9QmzbSTaCt1NfF6MM7X1JdqhjirVpioembTyxT5o_5mcq6b3kUe0cEg5VjLhk9jSAOrfCu6HUFdkJ9EsErsnxGKQkAE2xIiuYpWmNZOjx1wkNTkXy2ekyI28OY_uHmWqTk7_FgE4DqL1goZ_LE6Jy219m1NzrCM8JnJnw_VSStwhs_4PZPh4LKImaNl9vYdjq8W9v4VMJtV5fyVP2oBxYNzYVmt_cDZ6pVziHFUoe8N8IIEv6uHYeYgOzmm3d6Xx1X60GA2DJQ7lECIgrxaatezjLqnBil5gYi07ZBYg6Jrq3QiLNkLrhT58pe7IbGN7xKpPpyjTmUIBEX2ZtQwu8HUlPLYUshZjL23UR6Or3CNRq8jzfUWZERT7sw5Q9RL_9nN8HscaLtX36FL6QndhD38oW_eZ-BiYjjl4OIS-ZySWagaZvW6OoXWTdTeymM67d7E-dUW8K4id4dBlA2WYSq4eWy481G0_xFSOOvrlyS3Azoefd7eAUlx6QO0T9ultKL6T5OkVaB-XG9MKI8uzpAnx9AQOc4JYv0cggsUr-iCRmSwHbaUtR9owPvM4Kv4J0z-KsjzcBTRDgPWhfOztCF3dR9UXU9WJxPtjsgtfpRCGI-llZeCjVBHSLDmHLcdlVvUBA1OA3SESytr9U1ZpNI7ZqxnrZLDH5dJekrsRr_qs12DWqf9tYC4pFOJEi2tFPEnW-St1kBlI_CFRdQjuvCSU5dMfnUsLo6aZupEJVN2nUXROP7OM7clNwItCwv8f-I_4wapL3s5-DhKisatFVeoolFDktprUDl9QttswJneK78ssSQsIpMIhVfohV8BD6OaUJnnoh6A7JjPLYlhmZfIt9ZKyFH4fgSm1JrhJ9LMT22TQ4c0t2OXePj4LHzAIb7jD4LyYaoDDkV9o86fUfNagYXz8lH4W2dgmJH6aaVKcPG7SiUDFrxR_je7E-eEVDHY0_je3lTiKqaFqqr101BGM9v0L5gEVsgJeMVopIVHWPOOansjNIqaOE10H_Z7WNqhmYOwEvxaToERmY3oVklWkXu3IyKYXsBFCSm6jS_msXfp1MzjU8ZkW7Hh3JviXFkusfs4SbJWu6GX_LUUVJpop7njFit4_YJcgBMXnPg9pZRd6w8EMKUPyy69cVOrO0G2dYkzKlxMvqmevQT0LQWMIyFCLjAw&rapt=AEjHL4PIpv1VtofixsgTmoepbhtqBJljy3DnAfGtZ_rizneG-5OCfueOe1mvgIzyqG_pKBztlE2E3PFXihvR5zwqEs2k29fL7g,登录 - Google 账号
2024-06-06T10:11:00.225Z,https://accounts.google.com/signin/oauth/consent?as=S-1073217336:1717668656223926&authuser=0&client_id=31377706731-1hgv51kj0e16m8jqubi4nlvq07ebnusa.apps.googleusercontent.com&flowName=GeneralOAuthFlow&part=AJi8hANhED4Pt4NyTK0VTllDxIDRv-t45NGNQuMAaQGecUXJoAmgyneukxEhd_rvFAbsh2fVSMcyK75FatEuums9ZTIXFLqqRaU8H7IycfLQLBfGh8dFwcttDNOkRn9BSuoLcwbzQ1GTVWigYmP-tUgprBH3I6rZeo-JkvTqvRuFOoQJPGDG6X5cRYIqxuEwrgNJHmK-f3OsTvYBmSM-5nDLNlRddCn-NN5WYNPMEKewWMATOrR6sOO8tays0Z6LwKBHCjQVXc0ifRaEWNxg-ppCLTGdBNRSmzUeJp6jiBThJtVl9qJ-EIvb0zrji93b5AzsD_57fqdkFjfMyG_GugV_a_KYlR9cKP_TxBZevC9msoRb0UvV9XdfeFqp8qU6AdzmeZBUzCFi4c4elCIdcjgDk5280Ht7mD78mM_-d5CmOjpZ3PtOCdkQvDnCni6bKBP2HqrmajcpHsC1DjkmRtxSNyaFdOAmrf9grsbsh2I4YEpSUtGlUsD5BX7YPW086LYFPAUJ7GzK6XGZhlP1ldFJsDpxr9JSrhEP2QfFGp5fKqgij75l0hlq4EtPgrpzJk-p33z_hk06fpxjHnxQfut08yfccP4RQh0OE9-FqlQc1_egn47A97STUIL_ZKKqmM-NgcYJT8OxpmmKYpO9-_L8H69TUZxHIc-T-lTspkHAlQY98dHjwEP_Kf7W-duOXZElvl4VmoL1VVP5kbu_aggJkucZkggl6GoPFmCbyk4vuHbnfiGJarX38bj0Y3sXbc7uHQrKyBdwGpV-aPSLEu4-URMfEbZZhgAz2nX3t0xKEU3fayyRYfZdTtdheuVyMvaqCgFHmQRNEgibHwK3VkTZbv5pzC5SKat-UmliTJ6XYkFs8373xN0O-qlJPdmZp6zOggmSVE_jYlKk0CoBlvLaPgSTJjiyAaIO7Ic-2KBUzryOYvFiLgHQ-eYoKXSVVH4AcEYP3h-oXKz45kC0fHGzvgaI20OQ9VCAMTdNyv1YkSJkDmCZTs7aT5JdnErPAfRtIbaF6dSzennrzTQGT2Us5eBhCgWXhJLO25nisIErWIl1r6ZBRssXczuBTSeNLj9hIeo1oAB9dn6hwltE4fkEbk2PPdUy_1WdEYjoINJU4UUT-5v2_-dGv2kyCktxapzZ_7RuwtFargw2QLZcAcodghOM6a7CNGpRNFpeafijz_tswh_JKA9J8d0BVL8vI4IkQJzabvluYR01yko8KjvRw_h-6qZZs6b8bv0mwqjZTT_iLnj_BiHTxuT8KkKstEM9QmzbSTaCt1NfF6MM7X1JdqhjirVpioembTyxT5o_5mcq6b3kUe0cEg5VjLhk9jSAOrfCu6HUFdkJ9EsErsnxGKQkAE2xIiuYpWmNZOjx1wkNTkXy2ekyI28OY_uHmWqTk7_FgE4DqL1goZ_LE6Jy219m1NzrCM8JnJnw_VSStwhs_4PZPh4LKImaNl9vYdjq8W9v4VMJtV5fyVP2oBxYNzYVmt_cDZ6pVziHFUoe8N8IIEv6uHYeYgOzmm3d6Xx1X60GA2DJQ7lECIgrxaatezjLqnBil5gYi07ZBYg6Jrq3QiLNkLrhT58pe7IbGN7xKpPpyjTmUIBEX2ZtQwu8HUlPLYUshZjL23UR6Or3CNRq8jzfUWZERT7sw5Q9RL_9nN8HscaLtX36FL6QndhD38oW_eZ-BiYjjl4OIS-ZySWagaZvW6OoXWTdTeymM67d7E-dUW8K4id4dBlA2WYSq4eWy481G0_xFSOOvrlyS3Azoefd7eAUlx6QO0T9ultKL6T5OkVaB-XG9MKI8uzpAnx9AQOc4JYv0cggsUr-iCRmSwHbaUtR9owPvM4Kv4J0z-KsjzcBTRDgPWhfOztCF3dR9UXU9WJxPtjsgtfpRCGI-llZeCjVBHSLDmHLcdlVvUBA1OA3SESytr9U1ZpNI7ZqxnrZLDH5dJekrsRr_qs12DWqf9tYC4pFOJEi2tFPEnW-St1kBlI_CFRdQjuvCSU5dMfnUsLo6aZupEJVN2nUXROP7OM7clNwItCwv8f-I_4wapL3s5-DhKisatFVeoolFDktprUDl9QttswJneK78ssSQsIpMIhVfohV8BD6OaUJnnoh6A7JjPLYlhmZfIt9ZKyFH4fgSm1JrhJ9LMT22TQ4c0t2OXePj4LHzAIb7jD4LyYaoDDkV9o86fUfNagYXz8lH4W2dgmJH6aaVKcPG7SiUDFrxR_je7E-eEVDHY0_je3lTiKqaFqqr101BGM9v0L5gEVsgJeMVopIVHWPOOansjNIqaOE10H_Z7WNqhmYOwEvxaToERmY3oVklWkXu3IyKYXsBFCSm6jS_msXfp1MzjU8ZkW7Hh3JviXFkusfs4SbJWu6GX_LUUVJpop7njFit4_YJcgBMXnPg9pZRd6w8EMKUPyy69cVOrO0G2dYkzKlxMvqmevQT0LQWMIyFCLjAw&rapt=AEjHL4PIpv1VtofixsgTmoepbhtqBJljy3DnAfGtZ_rizneG-5OCfueOe1mvgIzyqG_pKBztlE2E3PFXihvR5zwqEs2k29fL7g,登录 - Google 账号
2024-06-06T10:10:59.856Z,https://accounts.google.com/signin/oauth/consent?as=S-1073217336:1717668656223926&authuser=0&client_id=31377706731-1hgv51kj0e16m8jqubi4nlvq07ebnusa.apps.googleusercontent.com&flowName=GeneralOAuthFlow&part=AJi8hANhED4Pt4NyTK0VTllDxIDRv-t45NGNQuMAaQGecUXJoAmgyneukxEhd_rvFAbsh2fVSMcyK75FatEuums9ZTIXFLqqRaU8H7IycfLQLBfGh8dFwcttDNOkRn9BSuoLcwbzQ1GTVWigYmP-tUgprBH3I6rZeo-JkvTqvRuFOoQJPGDG6X5cRYIqxuEwrgNJHmK-f3OsTvYBmSM-5nDLNlRddCn-NN5WYNPMEKewWMATOrR6sOO8tays0Z6LwKBHCjQVXc0ifRaEWNxg-ppCLTGdBNRSmzUeJp6jiBThJtVl9qJ-EIvb0zrji93b5AzsD_57fqdkFjfMyG_GugV_a_KYlR9cKP_TxBZevC9msoRb0UvV9XdfeFqp8qU6AdzmeZBUzCFi4c4elCIdcjgDk5280Ht7mD78mM_-d5CmOjpZ3PtOCdkQvDnCni6bKBP2HqrmajcpHsC1DjkmRtxSNyaFdOAmrf9grsbsh2I4YEpSUtGlUsD5BX7YPW086LYFPAUJ7GzK6XGZhlP1ldFJsDpxr9JSrhEP2QfFGp5fKqgij75l0hlq4EtPgrpzJk-p33z_hk06fpxjHnxQfut08yfccP4RQh0OE9-FqlQc1_egn47A97STUIL_ZKKqmM-NgcYJT8OxpmmKYpO9-_L8H69TUZxHIc-T-lTspkHAlQY98dHjwEP_Kf7W-duOXZElvl4VmoL1VVP5kbu_aggJkucZkggl6GoPFmCbyk4vuHbnfiGJarX38bj0Y3sXbc7uHQrKyBdwGpV-aPSLEu4-URMfEbZZhgAz2nX3t0xKEU3fayyRYfZdTtdheuVyMvaqCgFHmQRNEgibHwK3VkTZbv5pzC5SKat-UmliTJ6XYkFs8373xN0O-qlJPdmZp6zOggmSVE_jYlKk0CoBlvLaPgSTJjiyAaIO7Ic-2KBUzryOYvFiLgHQ-eYoKXSVVH4AcEYP3h-oXKz45kC0fHGzvgaI20OQ9VCAMTdNyv1YkSJkDmCZTs7aT5JdnErPAfRtIbaF6dSzennrzTQGT2Us5eBhCgWXhJLO25nisIErWIl1r6ZBRssXczuBTSeNLj9hIeo1oAB9dn6hwltE4fkEbk2PPdUy_1WdEYjoINJU4UUT-5v2_-dGv2kyCktxapzZ_7RuwtFargw2QLZcAcodghOM6a7CNGpRNFpeafijz_tswh_JKA9J8d0BVL8vI4IkQJzabvluYR01yko8KjvRw_h-6qZZs6b8bv0mwqjZTT_iLnj_BiHTxuT8KkKstEM9QmzbSTaCt1NfF6MM7X1JdqhjirVpioembTyxT5o_5mcq6b3kUe0cEg5VjLhk9jSAOrfCu6HUFdkJ9EsErsnxGKQkAE2xIiuYpWmNZOjx1wkNTkXy2ekyI28OY_uHmWqTk7_FgE4DqL1goZ_LE6Jy219m1NzrCM8JnJnw_VSStwhs_4PZPh4LKImaNl9vYdjq8W9v4VMJtV5fyVP2oBxYNzYVmt_cDZ6pVziHFUoe8N8IIEv6uHYeYgOzmm3d6Xx1X60GA2DJQ7lECIgrxaatezjLqnBil5gYi07ZBYg6Jrq3QiLNkLrhT58pe7IbGN7xKpPpyjTmUIBEX2ZtQwu8HUlPLYUshZjL23UR6Or3CNRq8jzfUWZERT7sw5Q9RL_9nN8HscaLtX36FL6QndhD38oW_eZ-BiYjjl4OIS-ZySWagaZvW6OoXWTdTeymM67d7E-dUW8K4id4dBlA2WYSq4eWy481G0_xFSOOvrlyS3Azoefd7eAUlx6QO0T9ultKL6T5OkVaB-XG9MKI8uzpAnx9AQOc4JYv0cggsUr-iCRmSwHbaUtR9owPvM4Kv4J0z-KsjzcBTRDgPWhfOztCF3dR9UXU9WJxPtjsgtfpRCGI-llZeCjVBHSLDmHLcdlVvUBA1OA3SESytr9U1ZpNI7ZqxnrZLDH5dJekrsRr_qs12DWqf9tYC4pFOJEi2tFPEnW-St1kBlI_CFRdQjuvCSU5dMfnUsLo6aZupEJVN2nUXROP7OM7clNwItCwv8f-I_4wapL3s5-DhKisatFVeoolFDktprUDl9QttswJneK78ssSQsIpMIhVfohV8BD6OaUJnnoh6A7JjPLYlhmZfIt9ZKyFH4fgSm1JrhJ9LMT22TQ4c0t2OXePj4LHzAIb7jD4LyYaoDDkV9o86fUfNagYXz8lH4W2dgmJH6aaVKcPG7SiUDFrxR_je7E-eEVDHY0_je3lTiKqaFqqr101BGM9v0L5gEVsgJeMVopIVHWPOOansjNIqaOE10H_Z7WNqhmYOwEvxaToERmY3oVklWkXu3IyKYXsBFCSm6jS_msXfp1MzjU8ZkW7Hh3JviXFkusfs4SbJWu6GX_LUUVJpop7njFit4_YJcgBMXnPg9pZRd6w8EMKUPyy69cVOrO0G2dYkzKlxMvqmevQT0LQWMIyFCLjAw&rapt=AEjHL4PIpv1VtofixsgTmoepbhtqBJljy3DnAfGtZ_rizneG-5OCfueOe1mvgIzyqG_pKBztlE2E3PFXihvR5zwqEs2k29fL7g,登录 - Google 账号
2024-06-06T10:10:58.769Z,https://accounts.google.com/signin/oauth/id?authuser=0&part=AJi8hAM2e9jIcLWTWseWb_azwP9bQ8uiRXutRNlzC_IKSZaA6H7sr1LA6AUb0SsoicV3c8IfXOga0mb9VbDmXbDi2j877s_HCku9zbwOP2TzguwNSJbZOBwffGs4xX0lQJoYwOWs44GpSqS7NsSVMiyBwlevxehj_HHa2KjPb8MC7TB9FqU97TpnTnKFiUwHjvO9X0smJgL4eXXdzlAjrU6cBSvzxRLB9zBA9PkvIA8zd8OmBE2LGTXP0_2B10OVRZmW-r-Dw-_12gS3ei9JdIc1IkEqoC3sJjJa7gCSBhYl1SsrQ-VQyA0dNocWKqJW3sRhVXuIdXEbGvhN40SMZBcQy7LDLuo1EGeOqSNnvoN6pE053dndIeeo-gLr-NWwsn2NLDEswYqrLHSDvlZ5luuUeTG7q4vLU3VI8pzKQ_Y6kuDqtHCEiNM1p2kwyHdskkTdVlHDWG00fDJC5a5F-lMZfZeYlS4tBlgLveMfH5L2LWKHVN60qM1GQ513gzlxnBZD5CC5t3FosVnDre-DhH6rJ8JpSAOwLmtCr8xS9aw9hynjocKrPW1WeQWm8Kcm-EO8ytKGxQhJXWgFhbgOKMtGalBZO68t_hk8grn87QaHcRT1pNS1sDxy1FVyskVZ3A0pPmfvK0lPJZ8OymVwhUCoVYPaEfRNv-k4hQSv_9raDbM-aAZnzRXxmgNsvcQzNdXBdo8-V9Gftceg6rpy7fP2XvOSBlgYSfe2QhdKg3c778xiPr-bK8_sMqC42XMnMkF_GWf3G41O4F_EjlgOh0cYm-UOwzYJMuIZ9QP6EtruUX8Xunhmv_utbHj-VmWkVxF6UaHLR7U3jJR1fem8jp-uqg5lpWmMg-yvH_CsZ8KUdXgpgkzPg1N8gSCFw65IOplr0dePLV4bbnXTfRFEpUB84cIJYjGorHWP2oAUqEWMoQohSeSydVdWnaVJfh2CpPXS7_ksy7dAUk8KwESgSYMY23tE3l829WNNhlZqGTu1KdxRl7y6EpjW6ndzORlUGK8-8vjW-TSmESJr3OEqnFt1orOUrE05mCtY90RZ4auNEc51yA7uRGhkf7UHUPjF2UQ4ytH8ZieYNbNvN23NKUqOucoYSTIDPGn2biZIC1vlJkw-3AgF9vyYiU_U1bRnMGhvGP-3ZEfG0ukiLxTKMMvgTuo4vxKyQrmFfm-VxNfCcQsdEmywZFmwIHQF98o3VeMqm9fMpo9EJJJOgboXicJolgeGJapXAn6ExuxZy72Nkwz85T9p5yHYzmrxG0qLswDE2iYx4DIQ8iVzSFGPISpJMbAxrnFznLEoiXmLyF_T2PmYCTI9axICR3Y3NhF4-wXJe22O_d8hbfHekc11ABrWAVplJ-51Am8WylICwTOsVGdWxCyHvoK4nd4Bp7eV5TciGPIKM8C05rrbG_x-gqteWe-Qznzdep5dAoxR3DpTgtrEPc6buT0P57NB-6lpWyarhvAZcGQr8ngUyjbM18ns9foHA4ay1cv6-zn9dMXn5KIRKDfw2IbarpusF1DgoH97cUP9rspQH2pdlht7fed7v5S_gzMTdErylM8h123wyNINY7UCG9tlCNOuslM6OyL4WwQMmGMv1A0wvt6KNX-1Q2Wj9dXb1TSH1DtgMZc7TZJIaC1nw4C9QMABx2eXERi5Hxrf3Ml9DUOtkn6jAOhj9zLuqHrTwBb0mb6JVyl8AdQxuUF0AolK01UB_QBahsGF3w5utJ5ur-RcAodkZNgTr6bSSQI_-55jQGDJc9lfQFv0UyRhy6V18USCP0_wagbD9k93vle9lFRC1oaa1CYhq9IpxOSg8OMgAvVlZHcTOMpjFyc-hi1m5tvdWl7T1pD_OZG2x_MRv4_0wJA1TYUG9X5g6_FjECy3ED7c4L__3aaYrAFfBfWPHN67zsvkKio6PGoSJAsijfhhjEw2PHO0hfTkF1aF3rNIt5qaDpyaDfiBRh0jlknHUC16iR5qbJ3COyCeEH41v0G5xLloetUwxg4iBf6oLEXwJ54WSIJ987UKKGb3c0L9oA0zGaIPyESHigaXZ4ZwYzCW6rZuelsA0driTF3ul59PtDchneBiwoWsWBlpN_bIcxOlOuO_T96lKAzBXSoVwOxB6dr-XA95KP4-qA3C6TH3UVPofq0qhyFklDwsCCHqUMU3imcxkGBZkFbHpwdsZohgS2Ag2AIBZ34TiYqiQ31j1reyBCajlkML06Pv6-9OSeiXRXks3Sm-E_-FSkXdmrTGxKLfGa6jWnYUY-5dd4RHosJEShnGzel3iP_K_u_OTvNPkjAqsxg-D4l9fWiqLerC2TnEAxdTn238B0jA1EXBlyvFmewUBfyxMQ7Fo9IU5AEOLujwTmvWlsqOHztz488YB0ZvvtHamFhoU88sIkbhxE77bOufwl177paUuqz4avRwSUSHV9MLHkRTwJlH97gSkZvl_bpVZOsfnnC3_A&flowName=GeneralOAuthFlow&as=S-1073217336%3A1717668656223926&client_id=31377706731-1hgv51kj0e16m8jqubi4nlvq07ebnusa.apps.googleusercontent.com&rapt=AEjHL4PIpv1VtofixsgTmoepbhtqBJljy3DnAfGtZ_rizneG-5OCfueOe1mvgIzyqG_pKBztlE2E3PFXihvR5zwqEs2k29fL7g#,登录 - Google 账号
2024-06-06T10:10:58.226Z,https://accounts.google.com/signin/oauth/id?authuser=0&part=AJi8hAM2e9jIcLWTWseWb_azwP9bQ8uiRXutRNlzC_IKSZaA6H7sr1LA6AUb0SsoicV3c8IfXOga0mb9VbDmXbDi2j877s_HCku9zbwOP2TzguwNSJbZOBwffGs4xX0lQJoYwOWs44GpSqS7NsSVMiyBwlevxehj_HHa2KjPb8MC7TB9FqU97TpnTnKFiUwHjvO9X0smJgL4eXXdzlAjrU6cBSvzxRLB9zBA9PkvIA8zd8OmBE2LGTXP0_2B10OVRZmW-r-Dw-_12gS3ei9JdIc1IkEqoC3sJjJa7gCSBhYl1SsrQ-VQyA0dNocWKqJW3sRhVXuIdXEbGvhN40SMZBcQy7LDLuo1EGeOqSNnvoN6pE053dndIeeo-gLr-NWwsn2NLDEswYqrLHSDvlZ5luuUeTG7q4vLU3VI8pzKQ_Y6kuDqtHCEiNM1p2kwyHdskkTdVlHDWG00fDJC5a5F-lMZfZeYlS4tBlgLveMfH5L2LWKHVN60qM1GQ513gzlxnBZD5CC5t3FosVnDre-DhH6rJ8JpSAOwLmtCr8xS9aw9hynjocKrPW1WeQWm8Kcm-EO8ytKGxQhJXWgFhbgOKMtGalBZO68t_hk8grn87QaHcRT1pNS1sDxy1FVyskVZ3A0pPmfvK0lPJZ8OymVwhUCoVYPaEfRNv-k4hQSv_9raDbM-aAZnzRXxmgNsvcQzNdXBdo8-V9Gftceg6rpy7fP2XvOSBlgYSfe2QhdKg3c778xiPr-bK8_sMqC42XMnMkF_GWf3G41O4F_EjlgOh0cYm-UOwzYJMuIZ9QP6EtruUX8Xunhmv_utbHj-VmWkVxF6UaHLR7U3jJR1fem8jp-uqg5lpWmMg-yvH_CsZ8KUdXgpgkzPg1N8gSCFw65IOplr0dePLV4bbnXTfRFEpUB84cIJYjGorHWP2oAUqEWMoQohSeSydVdWnaVJfh2CpPXS7_ksy7dAUk8KwESgSYMY23tE3l829WNNhlZqGTu1KdxRl7y6EpjW6ndzORlUGK8-8vjW-TSmESJr3OEqnFt1orOUrE05mCtY90RZ4auNEc51yA7uRGhkf7UHUPjF2UQ4ytH8ZieYNbNvN23NKUqOucoYSTIDPGn2biZIC1vlJkw-3AgF9vyYiU_U1bRnMGhvGP-3ZEfG0ukiLxTKMMvgTuo4vxKyQrmFfm-VxNfCcQsdEmywZFmwIHQF98o3VeMqm9fMpo9EJJJOgboXicJolgeGJapXAn6ExuxZy72Nkwz85T9p5yHYzmrxG0qLswDE2iYx4DIQ8iVzSFGPISpJMbAxrnFznLEoiXmLyF_T2PmYCTI9axICR3Y3NhF4-wXJe22O_d8hbfHekc11ABrWAVplJ-51Am8WylICwTOsVGdWxCyHvoK4nd4Bp7eV5TciGPIKM8C05rrbG_x-gqteWe-Qznzdep5dAoxR3DpTgtrEPc6buT0P57NB-6lpWyarhvAZcGQr8ngUyjbM18ns9foHA4ay1cv6-zn9dMXn5KIRKDfw2IbarpusF1DgoH97cUP9rspQH2pdlht7fed7v5S_gzMTdErylM8h123wyNINY7UCG9tlCNOuslM6OyL4WwQMmGMv1A0wvt6KNX-1Q2Wj9dXb1TSH1DtgMZc7TZJIaC1nw4C9QMABx2eXERi5Hxrf3Ml9DUOtkn6jAOhj9zLuqHrTwBb0mb6JVyl8AdQxuUF0AolK01UB_QBahsGF3w5utJ5ur-RcAodkZNgTr6bSSQI_-55jQGDJc9lfQFv0UyRhy6V18USCP0_wagbD9k93vle9lFRC1oaa1CYhq9IpxOSg8OMgAvVlZHcTOMpjFyc-hi1m5tvdWl7T1pD_OZG2x_MRv4_0wJA1TYUG9X5g6_FjECy3ED7c4L__3aaYrAFfBfWPHN67zsvkKio6PGoSJAsijfhhjEw2PHO0hfTkF1aF3rNIt5qaDpyaDfiBRh0jlknHUC16iR5qbJ3COyCeEH41v0G5xLloetUwxg4iBf6oLEXwJ54WSIJ987UKKGb3c0L9oA0zGaIPyESHigaXZ4ZwYzCW6rZuelsA0driTF3ul59PtDchneBiwoWsWBlpN_bIcxOlOuO_T96lKAzBXSoVwOxB6dr-XA95KP4-qA3C6TH3UVPofq0qhyFklDwsCCHqUMU3imcxkGBZkFbHpwdsZohgS2Ag2AIBZ34TiYqiQ31j1reyBCajlkML06Pv6-9OSeiXRXks3Sm-E_-FSkXdmrTGxKLfGa6jWnYUY-5dd4RHosJEShnGzel3iP_K_u_OTvNPkjAqsxg-D4l9fWiqLerC2TnEAxdTn238B0jA1EXBlyvFmewUBfyxMQ7Fo9IU5AEOLujwTmvWlsqOHztz488YB0ZvvtHamFhoU88sIkbhxE77bOufwl177paUuqz4avRwSUSHV9MLHkRTwJlH97gSkZvl_bpVZOsfnnC3_A&flowName=GeneralOAuthFlow&as=S-1073217336%3A1717668656223926&client_id=31377706731-1hgv51kj0e16m8jqubi4nlvq07ebnusa.apps.googleusercontent.com&rapt=AEjHL4PIpv1VtofixsgTmoepbhtqBJljy3DnAfGtZ_rizneG-5OCfueOe1mvgIzyqG_pKBztlE2E3PFXihvR5zwqEs2k29fL7g#,登录 - Google 账号
2024-06-06T10:10:56.247Z,https://accounts.google.com/o/oauth2/v2/auth/oauthchooseaccount?access_type=offline&login_hint&prompt=consent&include_granted_scopes=true&scope=openid%20https%3A%2F%2Fwww.googleapis.com%2Fauth%2Fuserinfo.profile%20https%3A%2F%2Fwww.googleapis.com%2Fauth%2Fuserinfo.email%20https%3A%2F%2Fwww.googleapis.com%2Fauth%2Fcalendar%20https%3A%2F%2Fwww.googleapis.com%2Fauth%2Fcalendar.events%20https%3A%2F%2Fwww.googleapis.com%2Fauth%2Fcalendar.settings.readonly%20https%3A%2F%2Fwww.googleapis.com%2Fauth%2Fcontacts%20https%3A%2F%2Fwww.googleapis.com%2Fauth%2Fcontacts.other.readonly%20https%3A%2F%2Fwww.googleapis.com%2Fauth%2Fdirectory.readonly&state=popup%3Dtrue%26provider%3Dgoogle%26client%3Dweb%26nonce%3Db5ab0e8f-5661-445f-84fd-c0ede0334597%26pathname%3D%252Fshortcuts&response_type=code&client_id=31377706731-1hgv51kj0e16m8jqubi4nlvq07ebnusa.apps.googleusercontent.com&redirect_uri=https%3A%2F%2Fcalendar.notion.so%2Fauth&service=lso&o2v=2&ddm=0&flowName=GeneralOAuthFlow,登录 - Google 账号
2024-06-06T10:10:56.235Z,https://accounts.google.com/o/oauth2/v2/auth?access_type=offline&login_hint&prompt=consent&include_granted_scopes=true&scope=openid%20https%3A%2F%2Fwww.googleapis.com%2Fauth%2Fuserinfo.profile%20https%3A%2F%2Fwww.googleapis.com%2Fauth%2Fuserinfo.email%20https%3A%2F%2Fwww.googleapis.com%2Fauth%2Fcalendar%20https%3A%2F%2Fwww.googleapis.com%2Fauth%2Fcalendar.events%20https%3A%2F%2Fwww.googleapis.com%2Fauth%2Fcalendar.settings.readonly%20https%3A%2F%2Fwww.googleapis.com%2Fauth%2Fcontacts%20https%3A%2F%2Fwww.googleapis.com%2Fauth%2Fcontacts.other.readonly%20https%3A%2F%2Fwww.googleapis.com%2Fauth%2Fdirectory.readonly&state=popup%3Dtrue%26provider%3Dgoogle%26client%3Dweb%26nonce%3Db5ab0e8f-5661-445f-84fd-c0ede0334597%26pathname%3D%252Fshortcuts&response_type=code&client_id=31377706731-1hgv51kj0e16m8jqubi4nlvq07ebnusa.apps.googleusercontent.com&redirect_uri=https%3A%2F%2Fcalendar.notion.so%2Fauth&service=lso&o2v=2&ddm=0,登录 - Google 账号
2024-06-06T10:10:55.849Z,https://accounts.google.com/o/oauth2/v2/auth?access_type=offline&login_hint=&prompt=consent&include_granted_scopes=true&scope=openid%20https%3A%2F%2Fwww.googleapis.com%2Fauth%2Fuserinfo.profile%20https%3A%2F%2Fwww.googleapis.com%2Fauth%2Fuserinfo.email%20https%3A%2F%2Fwww.googleapis.com%2Fauth%2Fcalendar%20https%3A%2F%2Fwww.googleapis.com%2Fauth%2Fcalendar.events%20https%3A%2F%2Fwww.googleapis.com%2Fauth%2Fcalendar.settings.readonly%20https%3A%2F%2Fwww.googleapis.com%2Fauth%2Fcontacts%20https%3A%2F%2Fwww.googleapis.com%2Fauth%2Fcontacts.other.readonly%20https%3A%2F%2Fwww.googleapis.com%2Fauth%2Fdirectory.readonly&state=popup%3Dtrue%26provider%3Dgoogle%26client%3Dweb%26nonce%3Db5ab0e8f-5661-445f-84fd-c0ede0334597%26pathname%3D%252Fshortcuts&response_type=code&client_id=31377706731-1hgv51kj0e16m8jqubi4nlvq07ebnusa.apps.googleusercontent.com&redirect_uri=https%3A%2F%2Fcalendar.notion.so%2Fauth,登录 - Google 账号
2024-06-06T10:10:55.262Z,https://accounts.google.com/o/oauth2/v2/auth?access_type=offline&login_hint=&prompt=consent&include_granted_scopes=true&scope=openid%20https%3A%2F%2Fwww.googleapis.com%2Fauth%2Fuserinfo.profile%20https%3A%2F%2Fwww.googleapis.com%2Fauth%2Fuserinfo.email%20https%3A%2F%2Fwww.googleapis.com%2Fauth%2Fcalendar%20https%3A%2F%2Fwww.googleapis.com%2Fauth%2Fcalendar.events%20https%3A%2F%2Fwww.googleapis.com%2Fauth%2Fcalendar.settings.readonly%20https%3A%2F%2Fwww.googleapis.com%2Fauth%2Fcontacts%20https%3A%2F%2Fwww.googleapis.com%2Fauth%2Fcontacts.other.readonly%20https%3A%2F%2Fwww.googleapis.com%2Fauth%2Fdirectory.readonly&state=popup%3Dtrue%26provider%3Dgoogle%26client%3Dweb%26nonce%3Db5ab0e8f-5661-445f-84fd-c0ede0334597%26pathname%3D%252Fshortcuts&response_type=code&client_id=31377706731-1hgv51kj0e16m8jqubi4nlvq07ebnusa.apps.googleusercontent.com&redirect_uri=https%3A%2F%2Fcalendar.notion.so%2Fauth,登录 - Google 账号
2024-06-06T10:10:52.532Z,https://calendar.notion.so/google-permissions?popup=true&provider=google&client=web&nonce=b5ab0e8f-5661-445f-84fd-c0ede0334597&pathname=%2Fshortcuts,概念日历
2024-06-06T10:10:52.404Z,https://calendar.notion.so/google-permissions?popup=true&provider=google&client=web&nonce=b5ab0e8f-5661-445f-84fd-c0ede0334597&pathname=%2Fshortcuts,概念日历
2024-06-06T10:10:37.085Z,https://www.eplanplc.com/cate/2/seq/0,EPLAN - 工控PLC布道师
2024-06-06T10:10:31.102Z,https://www.eplanplc.com/,EPLAN & PLC - 工控PLC布道师
2024-06-06T10:10:16.764Z,file:///C:/Users/Administrator/Desktop/MCGS%E8%B5%84%E6%96%99%E5%BA%93.html,MCGS资料库
2024-06-06T10:10:15.187Z,https://mcgs.lanzoux.com/b01hhai8h,软件下载
2024-06-06T10:10:09.640Z,file:///C:/Users/Administrator/Desktop/MCGS%E8%B5%84%E6%96%99%E5%BA%93.html,MCGS资料库
2024-06-06T10:10:00.885Z,https://mcgs.lanzoux.com/b01hh1gjc,MCGS资料库
2024-06-06T10:09:03.916Z,https://calendar.google.com/calendar/u/0/r/settings/createcalendar?pli=1,Google 日历 - 创建日历
2024-06-06T10:08:47.687Z,https://calendar.google.com/calendar/u/0/r?pli=1,Google 日历 - 2024年6月2日这周
2024-06-06T10:08:41.823Z,https://calendar.google.com/calendar/u/0/r/settings/createcalendar?pli=1,Google 日历 - 创建日历
2024-06-06T10:08:26.163Z,https://app.raindrop.io/account/login?redirect=%2Fmy%2F0,登入
2024-06-06T10:08:25.043Z,https://app.raindrop.io/account/login?redirect=%2Fmy%2F0,登入
2024-06-06T10:05:19.348Z,https://wigle.net/,WiGLE：无线网络映射 --- WiGLE: Wireless Network Mapping
2024-06-06T10:04:24.207Z,https://javabetter.cn/,主页 | 二哥的Java进阶之路
2024-06-06T10:04:22.079Z,https://javabetter.cn/gongju/DBeaver.html,DBeaver：干掉付费的 Navicat，操作所有数据库就靠它了！ | 二哥的Java进阶之路
2024-06-06T10:04:18.871Z,https://javabetter.cn/gongju/warp.html#%E4%B8%80%E3%80%81%E5%AE%89%E8%A3%85-warp,Warp：号称下一代终端神器，GitHub星标2.8k+，用完爱不释手 | 二哥的Java进阶之路
2024-06-06T10:03:19.490Z,https://appgpq2ymld6587.pc.xiaoe-tech.com/live_pc/l_6507f24ee4b0694ce9e9e261?course_id=course_2UymOvGmO91B86juEbs42G1px7R,课程内容: Python实现京东商品数据采集 京东h5st加密参数逆向解密
2024-06-06T10:03:15.278Z,https://appgpq2ymld6587.pc.xiaoe-tech.com/detail/l_6507f24ee4b0694ce9e9e261/4?course_id=course_2UymOvGmO91B86juEbs42G1px7R,课程内容: Python实现京东商品数据采集 京东h5st加密参数逆向解密
2024-06-06T10:03:14.453Z,https://appgpq2ymld6587.pc.xiaoe-tech.com/detail/l_6507f24ee4b0694ce9e9e261/4?course_id=course_2UymOvGmO91B86juEbs42G1px7R,课程内容: Python实现京东商品数据采集 京东h5st加密参数逆向解密
2024-06-06T10:03:10.331Z,https://appgpq2ymld6587.pc.xiaoe-tech.com/p/t_pc/course_pc_detail/camp_pro/course_2UymOvGmO91B86juEbs42G1px7R,Python基础编程/高级开发/全栈开发/爬虫/数据分析
2024-06-06T10:03:04.612Z,https://appgpq2ymld6587.pc.xiaoe-tech.com/p/t_pc/course_pc_detail/camp_pro/course_2UymOvGmO91B86juEbs42G1px7R,Python基础编程/高级开发/全栈开发/爬虫/数据分析
2024-06-06T10:00:26.012Z,https://appgpq2ymld6587.pc.xiaoe-tech.com/live_pc/l_656edd26e4b0694cd8f3f5c1?course_id=course_2V1iDSxQLkCbobUAucUlzbq1K6W,第二节：数据解析─节课入门&学习不同类型的数据提取的应对策略
2024-06-06T10:00:22.889Z,https://appgpq2ymld6587.pc.xiaoe-tech.com/detail/l_656edd26e4b0694cd8f3f5c1/4?course_id=course_2V1iDSxQLkCbobUAucUlzbq1K6W,第二节：数据解析─节课入门&学习不同类型的数据提取的应对策略
2024-06-06T10:00:22.061Z,https://appgpq2ymld6587.pc.xiaoe-tech.com/detail/l_656edd26e4b0694cd8f3f5c1/4?course_id=course_2V1iDSxQLkCbobUAucUlzbq1K6W,第二节：数据解析─节课入门&学习不同类型的数据提取的应对策略
2024-06-06T10:00:15.270Z,https://appgpq2ymld6587.pc.xiaoe-tech.com/p/t_pc/course_pc_detail/camp_pro/course_2V1iDSxQLkCbobUAucUlzbq1K6W,python从入门到实战|零基础入门|爬虫|数据分析|全栈开发
2024-06-06T10:00:03.220Z,https://appgpq2ymld6587.pc.xiaoe-tech.com/p/t_pc/course_pc_detail/camp_pro/course_2V1iDSxQLkCbobUAucUlzbq1K6W,python从入门到实战|零基础入门|爬虫|数据分析|全栈开发
2024-06-06T09:58:56.022Z,https://appgpq2ymld6587.pc.xiaoe-tech.com/all/16166796/29241276,青灯教育
2024-06-06T09:58:54.401Z,https://appgpq2ymld6587.pc.xiaoe-tech.com/p/t_pc/course_pc_detail/camp_pro/course_2UymOvGmO91B86juEbs42G1px7R,Python基础编程/高级开发/全栈开发/爬虫/数据分析
2024-06-06T09:58:53.802Z,https://appgpq2ymld6587.pc.xiaoe-tech.com/p/t_pc/course_pc_detail/camp_pro/course_2V1iDSxQLkCbobUAucUlzbq1K6W,python从入门到实战|零基础入门|爬虫|数据分析|全栈开发
2024-06-06T09:58:49.247Z,https://appgpq2ymld6587.pc.xiaoe-tech.com/page/4586226?navIndex=0,青灯教育
2024-06-06T09:58:48.440Z,https://appgpq2ymld6587.pc.xiaoe-tech.com/page/4586226?navIndex=0,青灯教育
2024-06-06T09:58:03.346Z,https://www.notion.so/4af80755d0934cd19f56651086d33a0d,(5) ⭐️广鸿志⭐️
2024-06-06T09:58:03.208Z,https://www.notion.so/4af80755d0934cd19f56651086d33a0d?pvs=18,(5) ⭐️广鸿志⭐️
2024-06-06T09:57:48.884Z,https://code.visualstudio.com/docs/getstarted/userinterface,Visual Studio Code 用户界面
2024-06-06T09:57:02.098Z,https://www.gs4x7nq4.com/vod/play/89056/1/3,追风者_国产剧_第3集_共38集_爱电影_免费在线播放_高清全集_电影网站_在线视频
2024-06-06T09:57:02.064Z,https://www.gs4x7nq4.com/vod/play/89056/1/2,追风者_国产剧_第2集_共38集_爱电影_免费在线播放_高清全集_电影网站_在线视频
2024-06-06T09:56:36.979Z,https://telegra.ph/Electrical-Engineering-and-Automation-06-04,telegra.ph
2024-06-06T09:56:22.077Z,https://www.gs4x7nq4.com/vod/play/89056/1/3,追风者_国产剧_第3集_共38集_爱电影_免费在线播放_高清全集_电影网站_在线视频
2024-06-06T09:55:41.155Z,https://www.gs4x7nq4.com/vod/play/89056/1/2,追风者_国产剧_第2集_共38集_爱电影_免费在线播放_高清全集_电影网站_在线视频
2024-06-06T09:55:26.246Z,https://app.slack.com/workspace-signin?redir=%2Fgantry%2Fauth%3Fapp%3Dclient%26lc%3D1717667720%26return_to%3D%252Fclient%252FT031WAY3TP1%252FC04EJEQM41K%26teams%3D,查找你的工作区 | Slack
2024-06-06T09:55:23.488Z,https://appgpq2ymld6587.pc.xiaoe-tech.com/detail/l_6507f24ee4b0694ce9e9e261/4,课程内容: Python实现京东商品数据采集 京东h5st加密参数逆向解密
2024-06-06T09:55:02.447Z,https://work.ryo.lu/,Ryo的作品 --- Ryo's Work
2024-06-06T09:54:59.809Z,https://www.eplanplc.com/user/login,登录 - 工控PLC布道师
2024-06-06T09:54:52.030Z,https://xqiang.xyz/#/login,登录 - 小强Cloud
2024-06-06T09:54:38.812Z,https://calendar.notion.so/login,Shortcuts · Notion Calendar
2024-06-06T09:54:37.014Z,https://app.raindrop.io/account/login?redirect=%2Fmy%2F0,登入
2024-06-06T09:53:53.151Z,https://www.gs4x7nq4.com/vod/play/90262/1/3,城中之城_国产剧_第3集_共40集_爱电影_免费在线播放_高清全集_电影网站_在线视频
2024-06-06T09:53:53.011Z,https://www.gs4x7nq4.com/vod/play/89056/1/1,追风者_国产剧_第1集_共38集_爱电影_免费在线播放_高清全集_电影网站_在线视频
2024-06-06T09:53:49.174Z,https://calendar.google.com/calendar/u/0/r/settings/createcalendar?pli=1,Google 日历 - 创建日历
2024-06-06T09:53:48.934Z,https://javabetter.cn/gongju/warp.html,Warp：号称下一代终端神器，GitHub星标2.8k+，用完爱不释手 | 二哥的Java进阶之路
2024-06-06T09:53:48.144Z,http://www.tretars.com/,逼格PPT - ppt模板_ppt下载_免费ppt_比格ppt
2024-06-06T09:53:47.977Z,https://work.ryo.lu/80f60682c2714375ba07adff08b9dee0,Ryo’s Work
2024-06-06T09:53:47.597Z,https://the-block.club/b4503a125efa4dd89e2b1a8589e662e0,
2024-06-06T09:53:47.287Z,https://workspace.google.com/marketplace/myapps?pann=ogb,管理应用 - Google Workspace Marketplace
2024-06-06T09:53:46.400Z,https://www.xiaohongshu.com/user/profile/630386fb000000000f006f26,人生管理指南Notion-RAY - 小红书
2024-06-06T09:53:46.113Z,https://blog.skylershu.com/post/clean-up-clipboard-with-shortcuts,巧用快捷指令清理 iOS 剪贴板 - Skyler's Blog
2024-06-06T09:53:45.679Z,https://www.appinn.com/seal-download-video/,Seal - 基于 yt-dlp 的安卓在线视频下载应用，支持数千在线视频平台 - 小众软件
2024-06-06T09:53:45.667Z,https://weibo.com/u/1837470933,@Craigary 的个人主页 - 微博
2024-06-06T09:53:45.653Z,https://www.xiaoyuzhoufm.com/episode/6626ece8db5f58a80d0d31db,Vol.227 世界读书日，跟143位主播共享一份书单 - 文化有限 | 小宇宙 - 听播客，上小宇宙
2024-06-06T09:53:45.278Z,https://malaysianswhomake.com/,Malaysians Who Make
2024-06-06T09:53:44.978Z,https://www.eplanplc.com/user/4,kurapika余的主页 - 工控PLC布道师
2024-06-06T09:53:44.961Z,https://www.figma.com/@clu,Figma （@clu） |菲格玛 --- Figma (@clu) | Figma
2024-06-06T09:53:44.940Z,https://www.eplanplc.com/cate/2/seq/0,EPLAN - 工控PLC布道师
2024-06-06T09:53:44.915Z,https://www.eplanplc.com/thread/385,工控PLC布道师
2024-06-06T09:53:44.898Z,https://y.qq.com/n/ryqq/download_detail/pc?ADTAG=YQQ,"QQ音乐下载页 - QQ音乐,音乐你的生活!"
2024-06-06T09:53:44.675Z,https://xqiang.xyz/#/stage/dashboard,登录 - 小强Cloud
2024-06-06T09:53:44.645Z,https://exping.world/,exping - 在地图上呈现无限可能
2024-06-06T09:53:44.630Z,https://www.notion.so/help/keyboard-shortcuts,键盘快捷键 – Notion 帮助中心 --- Keyboard shortcuts – Notion Help Center
2024-06-06T09:53:44.615Z,https://www.notion.so/SF-Cafes-7935be5dc99746c885b2601ca52822e9,（5） 顺丰咖啡厅 --- (5) SF Cafes
2024-06-06T09:53:44.600Z,http://www.siemens-mro.com/index.php?m=home&c=View&a=index&aid=24,西门子PLC编程软件下载网址_北京众平
2024-06-06T09:53:44.584Z,https://moon.fm/popular,Moon FM - The Ultimate Podcast App
2024-06-06T09:53:44.569Z,https://www.notion.so/notion/Notion-Official-83715d7703ee4b8699b5e659a4712dd8,概念官方 --- Notion Official
2024-06-06T09:53:44.552Z,https://moon.fm/topchart,Moon FM - 终极播客应用程序
2024-06-06T09:53:44.416Z,https://moon.fm/network/justpod,JustPod 的
2024-06-06T09:53:44.403Z,https://moon.fm/network/dao,津津乐道
2024-06-06T09:53:44.391Z,https://craig.wf/uses,用途 ·克雷格·哈特 --- Uses · Craig Hart
2024-06-06T09:53:44.120Z,http://www.siemens-mro.com/a/xw/,新闻中心
2024-06-06T09:53:43.728Z,https://www.upyunso.com/search.html?page=1&keyword=%E7%BD%91%E7%BB%9C%E6%94%BB%E9%98%B2%E6%B8%97%E9%80%8F,网络攻防渗透 的搜索结果 - 最全云盘资源搜索神器 - UP云搜
2024-06-06T09:53:43.601Z,https://www.itiohub.com/,ITioHub.com 生命不息，折腾不止
2024-06-06T09:53:43.586Z,https://github.com/davidbombal/red-python-scripts,davidbombal/red-python-scripts
2024-06-06T09:53:43.572Z,https://www.itiohub.com/log/VALORANTerror.html,《特戰英豪》VAN9005/ VAN9003错误 - ITioHub.com
2024-06-06T09:53:43.491Z,https://calendar.notion.so/shortcuts,快捷方式 ·概念日历 --- Shortcuts · Notion Calendar
2024-06-06T09:53:43.412Z,https://www.ctocio.com/ccnews/20286.html,二十款免费WiFi黑客（渗透测试）工具 - IT经理网
2024-06-06T09:53:43.392Z,https://wigle.net/,WiGLE：无线网络映射 --- WiGLE: Wireless Network Mapping
2024-06-06T09:53:43.241Z,https://mail.google.com/mail/u/0/#inbox,收件箱 (962) - z2214649892@gmail.com - Gmail
2024-06-06T09:53:43.218Z,https://app.slack.com/client/T031WAY3TP1/C04EJEQM41K,Slack
2024-06-06T09:53:43.204Z,https://1847.siemens.com.cn/course/detail/1/1810966%3Fchannel_link_type=web/1847MaintennerPromotion,运维工程师必备技能课-专题课程-西门子1847工业学习平台官网
2024-06-06T09:53:43.076Z,https://mp.weixin.qq.com/mp/homepage?__biz=Mzg3MjYwMDcwMw==&hid=2&sn=6720a5ea7c0407dbf021c1f5916dfc13&scene=1&devicetype=Windows+11+x64&version=63090a13&lang=zh_CN&nettype=cbnet&ascene=0&session_us=gh_540a867c23e9&uin=&key=,畅学技术
2024-06-06T09:53:43.058Z,https://mp.weixin.qq.com/s/SIYOdI2TDoMKQRfcGVRzlA,年前资源大放送 | 工业机器人四大家族汇总
2024-06-06T09:53:43.044Z,https://next.itellyou.cn/,"NEXT, ITELLYOU"
2024-06-06T09:53:43.023Z,https://www.ypppt.com/,PPT模板免费下载_精美免费PPT模板下载 -【优品PPT】
2024-06-06T09:53:42.923Z,https://mp.weixin.qq.com/s/CGd-CyADlRYvD_OpEy_kbA,着急就是业力
2024-06-06T09:53:42.906Z,https://www.yuque.com/strive-rd6n1/mpd5f0/nwbd2f?#%20%E3%80%8A2017-2019%E7%89%88%E6%9C%AC%E6%BF%80%E6%B4%BB%E3%80%8B,2017.3-2019版本激活
2024-06-06T09:53:42.863Z,https://appgpq2ymld6587.pc.xiaoe-tech.com/live_pc/l_6507f24ee4b0694ce9e9e261,-
2024-06-06T09:53:42.807Z,https://www.yuque.com/strive-rd6n1/mpd5f0/hbotht53p1qehivn?#%20%E3%80%8A%E8%BD%AF%E4%BB%B6%E4%B8%8B%E8%BD%BD%E5%AE%89%E8%A3%85%E3%80%8B,软件下载安装
2024-06-06T09:53:42.794Z,https://www.yuque.com/strive-rd6n1/mpd5f0/gywri9m3xw0cr6dy,Python手动安装配置教程
2024-06-06T09:53:42.779Z,https://mp.weixin.qq.com/s/jt-4mX8csw9eBmJhQdK0KQ,自动化早已不是原来的自动化，为何你却还是原来的你
2024-06-06T09:53:42.760Z,https://www.yuque.com/strive-rd6n1/mpd5f0/gywri9m3xw0cr6dy?singleDoc#%20%E3%80%8APython%E6%89%8B%E5%8A%A8%E5%AE%89%E8%A3%85%E9%85%8D%E7%BD%AE%E6%95%99%E7%A8%8B%E3%80%8B,Python手动安装配置教程
2024-06-06T09:53:42.746Z,https://msdn.itellyou.cn/,"MSDN, 我告诉你 - 做一个安静的工具站"
2024-06-06T09:53:42.713Z,https://docs.qq.com/sheet/DZVROU0lPWVhEcEFB?tab=lim6xj,汽车数据信息汇总
2024-06-06T09:53:42.658Z,https://www.threads.net/@jonathanwu_tech,AI Chatgpt 實驗室 (@jonathanwu_tech) 通过 Threads
2024-06-06T09:53:42.641Z,https://www.yuque.com/strive-rd6n1/mpd5f0/evctz34d87o5yo7k?singleDoc,激活码教程
2024-06-06T09:53:42.534Z,https://mp.weixin.qq.com/s/uZ3MpN_zIUa7kDhotBv_qA,作品分享｜vivo官网APP -设计全案
2024-06-06T09:53:42.514Z,https://www.perplexity.ai/search/wifi-tFdZ4n.KT2io.82__U8vTw,破解wifi源码
2024-06-06T09:53:42.425Z,https://www.iianews.com/,国际工业自动化网-专注自动化和数字化的互联网平台
2024-06-06T09:53:42.413Z,https://ibook.antpedia.com/,仪器谱:关于分析测试仪器及相关仪器仪表设备的分类展示信息-分析测试百科网
2024-06-06T09:53:42.328Z,https://www.hippter.com/,HiPPTER | PPT资源导航 | PPT模板图表等设计素材免费下载
2024-06-06T09:53:42.292Z,https://www.python.org/downloads/release/python-365/,Python Release Python 3.6.5 | Python.org
2024-06-06T09:53:42.280Z,https://www.liaoxuefeng.com/wiki/1016959663602400/1018877595088352,Python代码运行助手 - 廖雪峰的官方网站
2024-06-06T09:53:42.270Z,https://www.cnblogs.com/makerchen/p/16933632.html,教你用Python破解WiFi，流量自由不再是梦！(附完整源码) - 南柯树下 - 博客园
2024-06-06T09:53:42.255Z,https://app.raindrop.io/my/0,载入中…
2024-06-06T09:53:42.231Z,https://www.python.org/ftp/python/,Index of /ftp/python/
2024-06-06T09:52:34.251Z,https://telegra.ph/Electrical-Engineering-and-Automation-06-04,telegra.ph
2024-06-06T09:52:29.499Z,https://telegra.ph/list-06-04-4,全新世→ – Telegraph
2024-06-06T09:02:54.102Z,https://web.telegram.org/a/#1807208411,Saved Messages
2024-06-06T09:02:46.297Z,https://tophub.today/,今日热榜官网
2024-06-06T09:02:44.602Z,https://xq.wtf/,小强地址发布页
2024-06-06T09:02:43.783Z,https://www.douyin.com/?recommend=1,抖音-记录美好生活
2024-06-06T09:02:43.518Z,https://abseme.cn/siemens/,西门子软件目录 - ABSEME.CN
2024-06-06T09:02:43.466Z,https://www.perplexity.ai/search/m50saIFzRgqEnaqsuT3mcg,如何获取锁频壁纸
2024-06-06T09:02:43.268Z,https://github.com/MakerChen66/funnyProject/blob/master/%E6%9A%B4%E5%8A%9B%E7%A0%B4%E8%A7%A3WiFi/pythonBreakWiFi.py,funnyProject/暴力破解WiFi/pythonBreakWiFi.py at master ·MakerChen66/funnyProject --- funnyProject/暴力破解WiFi/pythonBreakWiFi.py at master · MakerChen66/funnyProject
2024-06-06T09:02:43.229Z,https://web.telegram.org/a/,Telegram
2024-06-06T09:02:43.132Z,https://github.com/MakerChen66/funnyProject,MakerChen66/funnyProject: 有趣项目
2024-06-06T09:02:42.874Z,https://arc.net/space/F379BCF7-0597-4C0C-803E-862A1E6DBDD4,Blog
2024-06-06T09:02:42.833Z,https://www.51zxw.net/List.aspx?cid=471,工业自动化-我要自学网
2024-05-28T14:02:13.948Z,file:///C:/Windows/system32/oobe/FirstLogonAnim.html,
